2018/8/22,9:37:29
FirmwareVer=DropsondeV2OPC-PCBV4 012ic.SPIdef.............BS
bb0,bb1,bb2,bb3,bb4,bb5,bb6,bb7,bb8,bb9,bb10,bb11,bb12,bb13,bb14,GSC,ID
20,40,60,80,100,120,140,160,180,200,220,240,260,280,300,1.00,4
time,temp,hum,b0,b1,b2,b3,b4,b5,b6,b7,b8,b9,b10,b11,b12,b13,b14,b1tof,b3tof,b5tof,b7tof,period,csum,glitch,longtof,rejrat
943,393,975,1,25,1,0,0,0,0,0,0,0,0,0,0,0,0,255,255,4,0,45779,27,211,178,1
1089,391,981,0,8,1,0,0,0,0,0,0,0,0,0,0,0,0,85,0,0,0,4421,9,69,17,0
1228,390,986,0,8,0,0,0,0,0,0,0,0,0,0,0,0,0,86,0,0,0,4172,8,76,16,0
1370,390,982,0,4,0,0,0,0,0,0,0,0,0,0,0,0,0,114,0,0,0,4246,4,150,16,1
1505,389,982,0,1,0,0,0,0,0,0,0,0,0,0,0,0,0,66,0,0,0,4048,1,208,15,0
1639,389,981,0,6,0,0,0,0,0,0,0,0,0,0,0,0,0,81,0,0,0,4015,6,175,15,0
1774,389,980,0,5,1,0,0,0,0,0,0,0,0,0,0,0,0,78,0,0,0,4012,6,172,15,0
1908,389,980,0,3,0,0,0,0,0,0,1,0,0,0,0,0,0,108,0,0,0,4015,4,175,15,0
2043,388,979,0,1,0,0,0,0,0,0,0,0,0,0,0,0,0,138,0,0,0,4049,1,209,15,0
2179,388,982,0,2,0,0,0,0,0,0,0,0,0,0,0,0,0,58,0,0,0,4051,2,211,15,0
2329,388,974,0,4,0,0,0,0,0,0,0,0,0,0,0,0,0,157,0,0,0,4536,4,184,17,0
2466,389,975,0,1,0,0,0,0,0,0,0,0,0,0,0,0,0,14,0,0,0,4124,1,28,16,2
2601,389,977,0,0,0,0,0,0,0,0,0,0,0,0,0,0,0,0,0,0,0,4054,0,214,15,0
2737,390,974,0,1,0,0,0,0,0,0,0,0,0,0,0,0,0,19,0,0,0,4051,1,211,15,0
2874,389,1021,0,2,0,0,0,0,0,0,0,0,0,0,0,0,0,47,0,0,0,4083,2,243,15,0
3011,390,970,0,2,0,0,0,0,0,0,0,0,0,0,0,0,0,4,0,0,0,4121,2,25,16,0
3145,390,961,0,4,0,0,0,0,0,0,0,0,0,0,0,0,0,102,0,0,0,4017,4,177,15,1
3282,390,966,0,4,0,0,0,0,0,0,0,0,0,0,0,0,0,129,0,0,0,4124,4,28,16,0
3423,391,973,0,2,0,0,0,0,0,0,0,0,0,0,0,0,0,184,0,0,0,4209,2,113,16,0
3561,390,980,0,3,0,0,0,0,0,0,0,0,0,0,0,0,0,177,0,0,0,4125,3,29,16,0
3697,390,965,0,0,0,0,0,0,0,0,0,0,0,0,0,0,0,0,0,0,0,4089,0,249,15,0
3832,390,968,0,1,0,0,0,0,0,0,0,0,0,0,0,0,0,8,0,0,0,4052,1,212,15,1
3969,390,964,1,1,0,0,0,0,0,0,0,0,0,0,0,0,0,20,0,0,0,4054,2,214,15,0
4105,390,968,0,1,0,0,0,0,0,0,0,0,0,0,0,0,0,12,0,0,0,4088,1,248,15,0
4241,390,964,0,1,0,0,0,0,0,0,0,0,0,0,0,0,0,104,0,0,0,4086,1,246,15,0
4430,391,964,0,1,0,0,0,0,0,0,0,0,0,0,0,0,0,75,0,0,0,5814,1,182,22,0
4567,390,961,0,2,0,0,0,0,0,0,0,0,0,0,0,0,0,110,0,0,0,4089,2,249,15,0
4704,390,960,0,1,0,0,0,0,0,0,0,0,0,0,0,0,0,31,0,0,0,4122,1,26,16,1
4840,390,963,0,1,0,0,0,0,0,0,0,0,0,0,0,0,0,12,0,0,0,4050,1,210,15,0
4976,388,961,0,1,0,0,0,0,0,0,0,0,0,0,0,0,0,204,0,0,0,4086,1,246,15,0
5113,390,962,0,1,0,0,0,0,0,0,0,0,0,0,0,0,0,55,0,0,0,4122,1,26,16,0
5249,390,961,0,0,0,0,0,0,0,0,0,0,0,0,0,0,0,0,0,0,0,4052,0,212,15,0
5385,391,963,0,1,0,0,0,0,0,0,0,0,0,0,0,0,0,14,0,0,0,4050,1,210,15,0
5525,390,956,0,0,0,0,0,0,0,0,0,0,0,0,0,0,0,0,0,0,0,4212,0,116,16,0
5660,392,953,0,2,0,0,0,0,0,0,0,0,0,0,0,0,0,190,0,0,0,4049,2,209,15,1
5797,391,956,0,1,0,0,0,0,0,0,0,0,0,0,0,0,0,127,0,0,0,4125,1,29,16,0
5935,392,956,0,1,0,0,0,0,0,0,0,0,0,0,0,0,0,14,0,0,0,4091,1,251,15,0
6071,392,955,0,0,0,0,0,0,0,0,0,0,0,0,0,0,0,0,0,0,0,4090,0,250,15,0
6206,392,957,0,3,0,0,0,0,0,0,0,0,0,0,0,0,0,15,0,0,0,4053,3,213,15,0
6342,392,954,0,0,0,0,0,0,0,0,0,0,0,0,0,0,0,0,0,0,0,4090,0,250,15,0
6494,391,954,0,1,0,0,0,0,0,0,0,0,0,0,0,0,0,14,0,0,0,4577,1,225,17,0
6631,392,953,0,2,0,0,0,0,0,0,0,0,0,0,0,0,0,53,0,0,0,4090,2,250,15,0
6767,393,955,0,0,0,0,0,0,0,0,0,0,0,0,0,0,0,0,0,0,0,4091,0,251,15,0
6902,392,958,0,2,0,0,0,0,0,0,0,0,0,0,0,0,0,45,0,0,0,4053,2,213,15,0
7040,392,954,0,1,0,0,0,0,0,0,0,0,0,0,0,0,0,238,0,0,0,4090,1,250,15,0
7177,393,954,1,1,0,0,0,0,0,0,0,0,0,0,0,0,0,71,0,0,0,4127,2,31,16,0
7313,393,938,0,0,0,0,0,0,0,0,0,0,0,0,0,0,0,0,0,0,0,4056,0,216,15,1
7452,394,955,0,1,0,0,0,0,0,0,0,0,0,0,0,0,0,12,0,0,0,4178,1,82,16,0
7587,392,954,0,1,0,0,0,0,0,0,0,0,0,0,0,0,0,18,0,0,0,4054,1,214,15,0
7724,392,959,0,0,0,0,0,0,0,0,0,0,0,0,0,0,0,0,0,0,0,4092,0,252,15,1
7860,392,958,0,2,0,0,0,0,0,0,0,0,0,0,0,0,0,12,0,0,0,4056,2,216,15,2
7996,392,960,0,0,0,0,0,0,0,0,0,0,0,0,0,0,0,0,0,0,0,4088,0,248,15,0
8131,393,958,0,0,0,0,0,0,0,0,0,0,0,0,0,0,0,0,0,0,0,4055,0,215,15,0
8266,393,959,1,2,0,0,0,0,0,0,0,0,0,0,0,0,0,50,0,0,0,4055,3,215,15,0
8403,393,952,0,3,0,0,0,0,0,0,0,0,0,0,0,0,0,71,0,0,0,4088,3,248,15,0
8590,401,963,1,1,0,0,0,0,0,0,0,0,0,0,0,0,0,12,0,0,0,5739,2,107,22,0
8727,393,964,0,2,0,0,0,0,0,0,0,0,0,0,0,0,0,116,0,0,0,4092,2,252,15,0
8864,393,963,0,2,0,0,0,0,0,0,0,0,0,0,0,0,0,21,0,0,0,4127,2,31,16,1
8999,393,959,0,1,0,0,0,0,0,0,0,0,0,0,0,0,0,26,0,0,0,4055,1,215,15,2
9137,393,961,0,0,0,0,0,0,0,0,0,0,0,0,0,0,0,0,0,0,0,4088,0,248,15,0
9272,392,963,0,1,0,0,0,0,0,0,0,0,0,0,0,0,0,14,0,0,0,4053,1,213,15,1
9408,393,964,0,0,0,0,0,0,0,0,0,0,0,0,0,0,0,0,0,0,0,4090,0,250,15,0
9547,393,961,0,0,0,0,0,0,0,0,0,0,0,0,0,0,0,0,0,0,0,4179,0,83,16,0
9682,394,960,0,3,0,0,0,0,0,0,0,0,0,0,0,0,0,109,0,0,0,4019,3,179,15,1
9820,392,983,0,1,0,0,0,0,0,0,0,0,0,0,0,0,0,101,0,0,0,4125,1,29,16,0
9956,393,961,0,0,0,0,0,0,0,0,0,0,0,0,0,0,0,0,0,0,0,4091,0,251,15,1
10092,393,967,0,1,0,0,0,0,0,0,0,0,0,0,0,0,0,14,0,0,0,4053,1,213,15,0
10229,393,961,0,0,0,0,0,0,0,0,0,0,0,0,0,0,0,0,0,0,0,4126,0,30,16,0
10365,394,965,0,0,0,0,0,0,0,0,0,0,0,0,0,0,0,0,0,0,0,4058,0,218,15,0
10502,394,960,0,0,0,0,0,0,0,0,0,0,0,0,0,0,0,0,0,0,0,4086,0,246,15,0
10654,393,960,0,0,0,0,0,0,0,0,0,0,0,0,0,0,0,0,0,0,0,4612,0,4,18,0
10788,394,963,0,1,0,0,0,0,0,0,0,0,0,0,0,0,0,14,0,0,0,4020,1,180,15,0
10926,394,959,0,0,0,0,0,0,0,0,0,0,0,0,0,0,0,0,0,0,0,4126,0,30,16,0
11062,394,964,0,2,0,0,0,0,0,0,0,0,0,0,0,0,0,36,0,0,0,4054,2,214,15,1
11199,394,957,0,0,0,0,0,0,0,0,0,0,0,0,0,0,0,0,0,0,0,4125,0,29,16,0
11334,394,959,0,2,0,0,0,0,0,0,0,0,0,0,0,0,0,218,0,0,0,4056,2,216,15,0
11473,394,964,0,0,0,0,0,0,0,0,0,0,0,0,0,0,0,0,0,0,0,4160,0,64,16,0
11613,394,969,0,0,0,0,0,0,0,0,0,0,0,0,0,0,0,0,0,0,0,4178,0,82,16,0
11748,394,959,0,1,0,0,0,0,0,0,0,0,0,0,0,0,0,178,0,0,0,4055,1,215,15,0
11887,394,955,0,0,0,0,0,0,0,0,0,0,0,0,0,0,0,0,0,0,0,4164,0,68,16,0
12022,394,959,0,1,0,0,0,0,0,0,0,0,0,0,0,0,0,38,0,0,0,4054,1,214,15,1
12160,394,963,0,0,0,0,0,0,0,0,0,0,0,0,0,0,0,0,0,0,0,4123,0,27,16,0
12296,393,961,0,1,0,0,0,0,0,0,0,0,0,0,0,0,0,178,0,0,0,4055,1,215,15,1
12434,393,958,0,2,0,0,0,0,0,0,0,0,0,0,0,0,0,155,0,0,0,4160,2,64,16,0
12608,393,962,1,0,0,0,0,0,0,0,0,0,0,0,0,0,0,0,0,0,0,5303,1,183,20,0
12761,394,960,0,0,0,0,0,0,0,0,0,0,0,0,0,0,0,0,0,0,0,4612,0,4,18,0
12895,393,963,0,1,0,0,0,0,0,0,0,0,0,0,0,0,0,108,0,0,0,4020,1,180,15,1
13033,393,963,0,0,0,0,0,0,0,0,0,0,0,0,0,0,0,0,0,0,0,4161,0,65,16,2
13169,393,963,0,0,0,0,0,0,0,0,0,0,0,0,0,0,0,0,0,0,0,4055,0,215,15,0
13305,390,961,0,0,0,0,0,0,0,0,0,0,0,0,0,0,0,0,0,0,0,4089,0,249,15,0
13442,393,959,1,0,0,0,0,0,0,0,0,0,0,0,0,0,0,0,0,0,0,4092,1,252,15,0
13579,393,959,0,2,0,0,0,0,0,0,0,0,0,0,0,0,0,156,0,0,0,4090,2,250,15,0
13721,393,960,0,3,0,0,0,0,0,0,0,0,0,0,0,0,0,90,0,0,0,4282,3,186,16,1
13858,393,952,0,2,0,0,0,0,0,0,0,0,0,0,0,0,0,60,0,0,0,4125,2,29,16,0
13996,393,963,1,0,0,0,0,0,0,0,0,0,0,0,0,0,0,0,0,0,0,4088,1,248,15,0
14132,394,958,0,0,0,0,0,0,0,0,0,0,0,0,0,0,0,0,0,0,0,4088,0,248,15,0
14268,394,959,0,0,0,0,0,0,0,0,0,0,0,0,0,0,0,0,0,0,0,4089,0,249,15,0
14405,393,938,2,1,0,0,0,0,0,0,0,0,0,0,0,0,0,12,0,0,0,4092,3,252,15,1
14542,393,961,0,0,0,0,0,0,0,0,0,0,0,0,0,0,0,0,0,0,0,4127,0,31,16,2
14694,393,964,3,2,0,0,0,0,0,0,0,0,0,0,0,0,0,168,0,0,0,4575,5,223,17,1
14832,393,962,1,0,0,0,0,0,0,0,0,0,0,0,0,0,0,0,0,0,0,4163,1,67,16,0
14968,393,973,0,0,0,0,0,0,0,0,0,0,0,0,0,0,0,0,0,0,0,4055,0,215,15,0
15105,395,964,2,1,0,0,0,0,0,0,0,0,0,0,0,0,0,171,0,0,0,4092,3,252,15,0
15244,393,962,0,0,0,0,0,0,0,0,0,0,0,0,0,0,0,0,0,0,0,4160,0,64,16,0
15379,394,963,0,0,1,0,0,0,0,0,0,0,0,0,0,0,0,0,0,0,0,4056,1,216,15,1
15515,393,961,0,0,0,0,0,0,0,0,0,0,0,0,0,0,0,0,0,0,0,4092,0,252,15,0
15652,394,963,0,0,0,0,0,0,0,0,0,0,0,0,0,0,0,0,0,0,0,4091,0,251,15,0
15793,394,962,0,2,0,0,0,0,0,0,0,0,0,0,0,0,0,159,0,0,0,4217,2,121,16,0
15932,394,981,0,0,0,0,0,0,0,0,0,0,0,0,0,0,0,0,0,0,0,4199,0,103,16,0
16077,394,962,0,1,0,0,0,0,0,0,0,0,0,0,0,0,0,9,0,0,0,4381,1,29,17,0
16214,394,963,1,1,0,0,0,0,0,0,0,0,0,0,0,0,0,194,0,0,0,4053,2,213,15,0
16352,393,965,7,4,0,0,0,0,0,0,0,0,0,0,0,0,0,88,0,0,0,4162,11,66,16,2
16490,392,964,3,1,0,0,0,0,0,0,0,0,0,0,0,0,0,229,0,0,0,4121,4,25,16,0
16662,392,964,9,1,0,0,0,0,0,0,0,0,0,0,0,0,0,31,0,0,0,5274,10,154,20,0
16817,392,968,0,0,0,0,0,0,0,0,0,0,0,0,0,0,0,0,0,0,0,4679,0,71,18,0
16952,391,968,0,1,0,0,0,0,0,0,0,0,0,0,0,0,0,31,0,0,0,4057,1,217,15,0
17090,392,965,2,0,0,0,0,0,0,0,0,0,0,0,0,0,0,0,0,0,0,4128,2,32,16,0
17225,391,991,0,0,0,0,0,0,0,0,0,0,0,0,0,0,0,0,0,0,0,4061,0,221,15,2
17362,392,963,0,0,1,0,0,0,0,0,0,0,0,0,0,0,0,0,0,0,0,4089,1,249,15,0
17499,392,967,0,0,0,0,0,0,0,0,0,0,0,0,0,0,0,0,0,0,0,4089,0,249,15,1
17635,392,963,1,0,0,0,0,0,0,0,0,0,0,0,0,0,0,0,0,0,0,4092,1,252,15,0
17772,391,960,0,0,0,0,0,0,0,0,0,0,0,0,0,0,0,0,0,0,0,4093,0,253,15,0
17912,391,962,3,1,0,0,0,0,0,0,0,0,0,0,0,0,0,2,0,0,0,4215,4,119,16,0
18049,391,962,2,0,0,0,0,0,0,0,0,0,0,0,0,0,0,0,0,0,0,4093,2,253,15,0
18186,391,963,0,0,0,0,0,0,0,0,0,0,0,0,0,0,0,0,0,0,0,4091,0,251,15,0
18322,391,961,0,0,0,0,0,0,0,0,0,0,0,0,0,0,0,0,0,0,0,4091,0,251,15,0
18459,391,965,0,0,0,0,0,0,0,0,0,0,0,0,0,0,0,0,0,0,0,4094,0,254,15,3
18595,391,968,0,0,0,0,0,0,0,0,0,0,0,0,0,0,0,0,0,0,0,4089,0,249,15,1
18732,392,978,0,0,0,0,0,0,0,0,0,0,0,0,0,0,0,0,0,0,0,4092,0,252,15,0
18884,390,961,0,0,0,0,0,0,0,0,0,0,0,0,0,0,0,0,0,0,0,4615,0,7,18,0
19019,390,961,0,1,0,0,1,0,0,0,0,0,0,0,0,0,0,166,0,0,0,4024,2,184,15,2
19158,390,962,0,3,0,0,0,0,0,0,0,0,0,0,0,0,0,63,0,0,0,4162,3,66,16,0
19295,391,1009,0,2,0,0,0,0,0,0,0,0,0,0,0,0,0,236,0,0,0,4094,2,254,15,1
19434,391,963,0,1,0,0,0,0,0,0,0,0,0,0,0,0,0,92,0,0,0,4198,1,102,16,0
19572,392,955,0,0,0,0,0,0,0,0,0,0,0,0,0,0,0,0,0,0,0,4126,0,30,16,1
19707,389,967,0,1,0,0,0,0,0,0,0,0,0,0,0,0,0,246,0,0,0,4059,1,219,15,1
19850,392,959,0,3,0,0,0,0,0,0,0,0,0,0,0,0,0,143,0,0,0,4286,3,190,16,0
19989,392,964,0,0,0,0,0,0,0,0,0,0,0,0,0,0,0,0,0,0,0,4165,0,69,16,0
20124,394,965,0,0,0,0,0,0,0,0,0,0,0,0,0,0,0,0,0,0,0,4058,0,218,15,0
20261,392,966,0,1,0,0,0,0,0,0,0,0,0,0,0,0,0,12,0,0,0,4093,1,253,15,0
20399,393,961,0,0,0,0,0,0,0,0,0,0,0,0,0,0,0,0,0,0,0,4127,0,31,16,1
20535,393,949,0,1,0,0,0,0,0,0,0,0,0,0,0,0,0,129,0,0,0,4054,1,214,15,0
20708,393,965,0,0,0,0,0,0,0,0,0,0,0,0,0,0,0,0,0,0,0,5292,0,172,20,0
20844,392,965,0,0,0,0,0,0,0,0,0,0,0,0,0,0,0,0,0,0,0,4092,0,252,15,0
20997,396,962,0,0,0,0,0,0,0,0,0,0,0,0,0,0,0,0,0,0,0,4611,0,3,18,0
21131,391,963,0,0,0,0,0,0,0,0,0,0,0,0,0,0,0,0,0,0,0,4020,0,180,15,0
21268,391,962,0,1,0,0,0,0,0,0,0,0,0,0,0,0,0,80,0,0,0,4094,1,254,15,0
21405,392,961,1,2,0,0,0,0,0,0,0,0,0,0,0,0,0,68,0,0,0,4129,3,33,16,0
21542,391,945,0,2,1,0,0,0,0,0,0,0,0,0,0,0,0,238,0,0,0,4093,3,253,15,0
21681,392,962,0,3,0,0,0,0,0,0,0,0,0,0,0,0,0,145,0,0,0,4166,3,70,16,0
21819,392,950,0,1,0,0,0,0,0,0,0,0,0,0,0,0,0,12,0,0,0,4127,1,31,16,0
21959,392,966,0,2,0,0,0,0,0,0,0,0,0,0,0,0,0,160,0,0,0,4219,2,123,16,0
22098,390,957,0,2,0,0,0,0,0,0,0,0,0,0,0,0,0,155,0,0,0,4164,2,68,16,1
22236,392,961,0,1,0,0,0,0,0,0,0,0,0,0,0,0,0,54,0,0,0,4126,1,30,16,0
22373,391,959,0,1,0,0,0,0,0,0,0,0,0,0,0,0,0,206,0,0,0,4093,1,253,15,0
22511,391,968,0,0,0,0,0,0,0,0,0,0,0,0,0,0,0,0,0,0,0,4166,0,70,16,0
22647,392,962,0,1,0,0,0,0,0,0,0,0,0,0,0,0,0,164,0,0,0,4059,1,219,15,0
22786,392,961,0,0,0,0,0,0,0,0,0,0,0,0,0,0,0,0,0,0,0,4166,0,70,16,0
22922,392,972,0,2,0,0,0,0,0,0,0,0,0,0,0,0,0,159,0,0,0,4057,2,217,15,0
23076,392,957,0,1,0,0,0,0,0,0,0,0,0,0,0,0,0,157,0,0,0,4688,1,80,18,0
23214,391,966,0,1,0,0,0,0,0,0,0,0,0,0,0,0,0,138,0,0,0,4129,1,33,16,3
23352,391,962,0,3,0,0,0,0,0,0,0,0,0,0,0,0,0,96,0,0,0,4130,3,34,16,0
23488,390,963,0,2,0,0,0,0,0,0,0,0,0,0,0,0,0,108,0,0,0,4096,2,0,16,0
23625,398,960,0,3,0,0,0,0,0,0,0,0,0,0,0,0,0,169,0,0,0,4095,3,255,15,0
23763,391,961,0,4,0,0,0,0,0,0,0,0,0,0,0,0,0,158,0,0,0,4164,4,68,16,0
23902,390,967,0,3,1,0,0,0,0,0,0,0,0,0,0,0,0,101,0,0,0,4132,4,36,16,1
24043,390,965,0,5,0,0,0,0,0,0,0,0,0,0,0,0,0,93,0,0,0,4252,5,156,16,1
24181,389,965,0,4,0,0,0,0,0,0,0,0,0,0,0,0,0,168,0,0,0,4125,4,29,16,0
24318,389,983,0,2,1,0,0,0,0,0,0,0,0,0,0,0,0,105,0,0,0,4123,3,27,16,0
24456,390,964,0,3,0,0,0,0,0,0,0,0,0,0,0,0,0,87,0,0,0,4125,3,29,16,0
24593,389,959,0,0,0,0,0,0,0,0,0,0,0,0,0,0,0,0,0,0,0,4091,0,251,15,0
24765,389,963,0,8,1,0,0,0,0,0,0,0,0,0,0,0,0,49,0,0,0,5257,9,137,20,0
24902,388,966,0,6,0,0,0,0,0,0,0,0,0,0,0,0,0,83,0,0,0,4127,6,31,16,0
25055,387,966,0,8,0,0,0,0,0,0,0,0,0,0,0,0,0,99,0,0,0,4607,8,255,17,0
25193,387,970,0,1,0,0,0,0,0,0,0,0,0,0,0,0,0,190,0,0,0,4129,1,33,16,0
25330,388,965,0,0,0,0,0,0,0,0,0,0,0,0,0,0,0,0,0,0,0,4127,0,31,16,0
25465,387,964,0,2,0,0,0,0,0,0,0,0,0,0,0,0,0,49,0,0,0,4054,2,214,15,0
25604,387,965,0,5,1,0,0,0,0,0,0,0,0,0,0,0,0,73,0,0,0,4130,6,34,16,0
25740,388,967,0,2,2,0,0,0,0,0,0,0,0,0,0,0,0,58,0,0,0,4094,4,254,15,0
25878,388,968,0,9,1,0,0,0,0,0,0,0,0,0,0,0,0,50,0,0,0,4127,10,31,16,1
26015,388,925,0,7,2,0,0,0,0,0,0,0,0,0,0,0,0,75,0,0,0,4125,9,29,16,0
26156,387,970,1,4,2,0,0,0,0,0,0,0,0,0,0,0,0,66,0,0,0,4216,7,120,16,0
26294,384,961,0,12,1,0,0,0,0,0,0,0,0,0,0,0,0,55,0,0,0,4128,13,32,16,0
26432,385,963,0,17,1,0,0,0,0,0,0,0,0,0,0,0,0,36,0,0,0,4165,19,69,16,0
26571,383,965,0,37,2,0,0,0,0,0,0,0,0,0,0,0,0,29,0,0,0,4166,39,70,16,0
26711,381,963,0,29,3,4,1,0,0,0,2,0,1,0,0,0,0,72,95,0,0,4166,46,70,16,0
26850,381,967,0,23,2,1,2,0,2,0,0,0,1,0,1,0,1,34,54,0,0,4200,34,104,16,0
26991,381,967,0,17,4,2,2,0,0,0,0,0,0,1,1,0,0,35,40,0,0,4234,30,138,16,0
27148,381,981,0,41,6,4,1,1,0,1,0,2,0,0,0,0,0,30,49,108,54,4755,61,147,18,0
27292,381,965,0,56,10,3,1,1,0,2,0,0,1,0,0,0,0,121,38,35,41,4341,77,245,16,0
27438,378,966,1,45,4,4,1,4,1,0,0,0,0,2,0,1,0,89,39,36,0,4378,68,26,17,2
27579,380,970,1,43,4,0,1,0,0,1,0,0,0,0,0,0,0,22,0,0,31,4236,51,140,16,0
27719,379,971,1,39,3,2,3,1,0,0,0,0,0,0,0,0,0,22,43,31,0,4235,49,139,16,1
27862,377,971,0,45,3,1,0,0,0,1,0,0,0,0,0,0,0,24,43,0,33,4271,52,175,16,1
28004,379,975,0,10,1,0,0,0,0,0,0,0,0,0,0,0,0,32,0,0,0,4271,12,175,16,1
28147,379,970,0,7,1,1,0,0,0,0,0,0,0,0,0,0,0,70,120,0,0,4323,9,227,16,2
28288,379,974,0,11,0,0,0,0,0,0,0,0,0,0,0,0,0,46,0,0,0,4200,11,104,16,0
28427,378,975,0,12,1,0,0,0,0,0,0,0,0,0,0,0,0,49,0,0,0,4199,13,103,16,0
28567,378,968,0,4,2,1,0,0,0,0,0,0,0,0,0,0,0,56,98,0,0,4200,7,104,16,1
28705,377,969,0,14,0,0,0,1,0,0,0,0,0,0,0,0,0,38,0,78,0,4162,15,66,16,0
28880,370,968,0,18,1,0,0,0,0,1,0,0,0,0,0,0,0,190,0,0,200,5331,20,211,20,1
29023,376,969,0,16,0,0,0,0,0,0,0,0,0,0,0,0,0,43,0,0,0,4307,16,211,16,2
29179,376,963,0,11,3,1,0,0,0,0,0,0,0,0,0,0,0,48,94,0,0,4723,15,115,18,0
29320,376,964,0,12,0,0,0,0,0,0,0,0,0,0,0,0,0,38,0,0,0,4236,12,140,16,0
29460,375,964,0,12,0,0,1,0,0,0,0,0,0,0,0,0,0,40,0,0,0,4200,13,104,16,1
29600,377,956,0,15,2,0,0,0,0,0,0,0,0,0,0,0,0,47,0,0,0,4200,17,104,16,0
29740,374,952,0,17,3,1,0,0,0,0,0,0,0,0,0,0,0,37,59,0,0,4234,21,138,16,2
29881,375,960,0,27,0,0,0,0,0,0,0,0,0,0,0,0,0,73,0,0,0,4236,27,140,16,0
30021,377,965,0,16,4,0,0,0,0,0,0,0,0,0,0,0,0,149,0,0,0,4201,20,105,16,0
30166,375,920,0,15,0,0,0,0,0,0,0,0,0,0,0,0,0,29,0,0,0,4359,15,7,17,0
30303,376,962,0,22,1,0,0,0,0,0,0,0,0,0,0,0,0,26,0,0,0,4128,23,32,16,1
30442,375,965,0,23,5,0,0,0,0,0,0,0,0,0,0,0,0,28,0,0,0,4163,28,67,16,0
30581,375,958,0,20,3,0,1,0,0,0,0,0,0,0,0,0,0,30,0,0,0,4164,24,68,16,0
30720,375,960,0,11,0,0,0,0,0,0,0,0,0,0,0,0,0,29,0,0,0,4165,11,69,16,0
30859,375,961,0,22,1,0,0,0,0,0,0,0,0,0,0,0,0,77,0,0,0,4166,23,70,16,0
30997,375,963,0,17,3,0,0,0,0,0,0,0,0,0,0,0,0,31,0,0,0,4164,20,68,16,0
31152,375,960,1,16,3,0,0,0,0,0,0,0,0,0,0,0,1,31,0,0,0,4683,21,75,18,0
31291,374,960,0,25,1,0,0,0,0,0,0,0,0,0,0,0,0,25,0,0,0,4164,26,68,16,0
31429,374,956,0,21,4,0,0,0,0,0,0,0,0,0,0,0,0,26,0,0,0,4163,25,67,16,2
31568,374,961,1,19,3,0,0,0,0,0,0,0,0,0,0,0,0,26,0,0,0,4163,23,67,16,0
31707,370,961,0,28,0,0,0,0,0,0,0,0,0,0,0,0,0,29,0,0,0,4162,28,66,16,0
31856,374,964,0,17,0,0,0,0,0,0,0,0,0,0,0,0,0,40,0,0,0,4493,17,141,17,1
31995,373,961,0,21,3,0,1,1,0,0,0,0,0,0,0,0,0,34,0,66,0,4200,26,104,16,0
32141,373,959,0,20,1,0,0,0,0,0,0,0,0,0,0,0,0,30,0,0,0,4357,21,5,17,0
32278,373,958,0,17,2,0,0,0,0,0,0,0,0,0,0,0,0,26,0,0,0,4131,19,35,16,0
32417,373,963,0,23,0,0,0,0,0,0,0,0,0,0,0,0,0,44,0,0,0,4166,23,70,16,0
32556,373,957,0,14,2,0,0,0,0,0,0,0,0,0,0,0,0,33,0,0,0,4165,16,69,16,0
32695,374,957,0,24,2,2,0,0,0,0,0,0,0,0,0,0,0,33,51,0,0,4164,28,68,16,0
32835,373,962,0,19,1,0,0,0,0,0,0,0,0,0,0,0,0,30,0,0,0,4202,20,106,16,0
33008,374,956,1,25,3,1,0,0,0,0,0,0,0,0,0,0,0,27,45,0,0,5295,30,175,20,2
33165,375,958,0,29,1,1,0,0,0,0,0,0,0,0,0,0,0,28,59,0,0,4757,31,149,18,2
33306,374,956,1,18,0,0,0,0,0,0,0,0,0,0,0,0,0,97,0,0,0,4239,19,143,16,0
33445,374,959,0,18,0,0,0,0,0,0,0,0,0,0,0,0,0,31,0,0,0,4199,18,103,16,0
33586,374,959,0,19,3,0,0,0,0,0,0,0,0,0,0,0,0,28,0,0,0,4200,22,104,16,0
33725,373,962,0,28,3,0,0,0,0,0,0,0,0,0,0,0,0,26,0,0,0,4200,31,104,16,1
33865,373,959,2,20,1,1,0,0,0,0,0,0,0,0,0,0,0,26,47,0,0,4198,24,102,16,3
34007,370,959,3,13,3,0,0,0,0,0,1,0,0,0,0,0,0,28,0,0,0,4237,20,141,16,5
34150,371,940,5,9,2,0,1,0,0,0,0,0,0,0,0,0,0,29,0,0,0,4326,17,230,16,16
34290,371,955,0,0,1,0,0,0,0,0,0,0,0,0,0,0,0,0,0,0,0,4199,1,103,16,21
34427,372,955,0,0,1,0,0,1,0,0,0,0,0,0,0,0,0,0,0,43,0,4127,2,31,16,28
34566,372,957,0,14,7,1,0,0,0,0,0,0,0,0,0,0,0,26,42,0,0,4128,22,32,16,24
34707,372,954,1,34,1,0,0,0,0,0,0,0,0,0,0,0,0,26,0,0,0,4237,36,141,16,1
34846,372,956,1,24,3,1,1,0,0,0,0,0,0,0,0,0,0,24,38,0,0,4202,31,106,16,1
34988,372,958,0,34,4,0,0,0,0,0,0,0,0,0,0,0,0,28,0,0,0,4237,38,141,16,1
35128,372,958,1,15,1,0,0,0,0,0,0,0,0,0,0,0,0,207,0,0,0,4202,17,106,16,0
35284,372,960,0,21,1,0,0,0,0,0,0,0,0,0,0,0,0,30,0,0,0,4759,22,151,18,0
35425,372,961,0,13,1,0,0,0,0,0,0,0,0,0,0,0,0,29,0,0,0,4203,14,107,16,0
35564,371,956,0,20,4,0,0,0,0,0,0,0,0,0,0,0,0,25,0,0,0,4204,24,108,16,1
35704,372,956,1,28,3,1,0,0,0,0,0,0,0,0,0,0,0,25,57,0,0,4201,33,105,16,1
35846,371,954,0,25,6,1,0,0,0,0,0,0,0,0,0,0,0,122,38,0,0,4239,32,143,16,0
35988,372,956,1,18,3,0,0,0,0,0,0,0,0,0,0,0,0,27,0,0,0,4272,22,176,16,1
36127,371,953,0,31,2,0,1,0,0,0,0,0,0,0,0,0,0,24,0,0,0,4201,34,105,16,2
36272,372,955,0,40,3,0,0,0,0,0,0,0,0,0,0,0,0,102,0,0,0,4326,43,230,16,0
36412,372,954,0,21,0,0,0,0,0,0,1,0,0,0,0,0,0,23,0,0,0,4234,22,138,16,0
36552,372,951,0,24,0,0,0,0,0,0,0,0,0,0,0,0,0,25,0,0,0,4202,24,106,16,1
36692,372,953,0,19,3,1,0,0,0,0,0,0,0,0,0,0,0,25,35,0,0,4201,23,105,16,0
36833,372,958,0,22,0,1,0,0,0,0,0,0,0,0,0,0,0,255,255,4,0,4235,23,139,16,0
36976,371,953,0,31,3,0,0,0,0,0,0,0,0,0,0,0,0,28,0,0,0,4307,34,211,16,1
37152,371,952,0,27,3,0,0,0,0,0,0,0,0,0,0,0,0,29,0,0,0,5370,30,250,20,0
37308,370,958,0,28,2,1,0,0,0,0,0,0,0,0,0,0,0,27,50,0,0,4720,31,112,18,2
37448,370,957,0,28,4,0,0,0,0,0,0,0,0,0,0,0,0,23,0,0,0,4236,32,140,16,1
37588,368,955,0,25,0,1,0,0,0,0,0,0,0,0,0,0,0,26,36,0,0,4204,26,108,16,0
37730,363,954,1,33,4,0,0,0,0,0,0,0,0,0,0,0,0,27,0,0,0,4236,38,140,16,1
37870,371,958,0,30,2,0,0,0,0,0,0,0,0,0,0,0,0,32,0,0,0,4204,32,108,16,0
38009,363,957,1,17,1,0,0,0,0,0,0,0,0,0,0,0,0,81,0,0,0,4202,19,106,16,0
38150,371,954,0,25,2,3,0,0,0,0,0,0,0,0,0,0,0,27,43,0,0,4202,30,106,16,0
38295,370,955,0,29,3,0,0,0,0,0,0,0,0,0,0,0,0,22,0,0,0,4362,32,10,17,1
38433,369,953,1,32,4,0,0,0,0,0,0,0,0,0,0,0,0,23,0,0,0,4166,37,70,16,1
38573,369,958,0,31,2,0,0,0,0,0,0,0,0,0,0,0,0,25,0,0,0,4165,33,69,16,0
38711,369,957,0,30,3,0,0,0,0,0,0,0,0,0,0,0,0,26,0,0,0,4167,33,71,16,0
38850,368,956,0,30,0,0,0,0,0,0,0,0,0,0,0,0,0,23,0,0,0,4169,30,73,16,0
38989,368,955,0,28,1,0,0,0,0,1,0,0,0,0,0,0,0,24,0,0,36,4170,30,74,16,0
39130,368,957,0,31,1,0,0,0,0,0,0,0,0,0,0,0,0,25,0,0,0,4205,32,109,16,0
39285,368,961,0,47,2,0,0,0,0,0,0,0,0,0,0,0,0,36,0,0,0,4722,49,114,18,0
39426,368,959,0,27,6,0,0,0,0,0,0,0,0,0,0,0,0,21,0,0,0,4203,33,107,16,1
39565,368,959,0,35,2,1,0,0,0,0,0,0,0,0,0,0,0,23,42,0,0,4201,38,105,16,1
39706,368,956,0,39,2,0,0,0,0,0,0,0,0,0,0,0,0,25,0,0,0,4256,41,160,16,0
39846,368,956,1,25,4,0,0,0,0,0,0,0,0,0,0,0,0,22,0,0,0,4202,30,106,16,0
39986,367,959,0,25,0,0,0,0,0,0,0,0,0,0,0,0,0,22,0,0,0,4202,25,106,16,0
40126,367,960,1,30,4,1,0,0,0,0,0,0,0,0,0,0,0,26,40,0,0,4204,36,108,16,0
40271,367,959,0,26,1,0,0,0,0,0,0,0,0,0,0,0,0,23,0,0,0,4362,27,10,17,0
40410,367,958,0,27,2,0,0,0,0,0,0,0,0,0,0,0,0,25,0,0,0,4166,29,70,16,1
40549,367,960,0,22,2,0,1,1,0,0,0,0,0,0,0,0,0,26,0,70,0,4166,26,70,16,1
40688,367,960,1,25,4,0,1,0,0,0,0,0,0,0,0,0,0,25,0,0,0,4200,31,104,16,1
40828,369,954,0,33,1,0,0,0,1,0,0,0,0,0,0,0,0,26,0,0,0,4200,35,104,16,1
40969,367,962,0,36,3,1,0,0,0,0,0,0,0,0,0,0,0,115,36,0,0,4201,40,105,16,0
41111,367,957,2,35,2,0,0,0,0,0,0,0,0,0,0,0,0,107,0,0,0,4273,39,177,16,0
41290,367,959,1,32,1,0,0,0,0,0,0,0,0,0,0,0,0,106,0,0,0,5509,34,133,21,0
41432,367,949,1,27,3,0,0,0,0,0,0,0,0,0,0,0,0,23,0,0,0,4238,31,142,16,0
41572,367,960,0,26,3,0,1,0,0,0,0,0,0,0,0,0,0,25,0,0,0,4202,30,106,16,0
41711,368,1014,1,36,1,0,0,0,0,0,0,0,0,0,0,0,0,29,0,0,0,4202,38,106,16,0
41852,368,959,0,27,2,1,0,0,0,0,0,0,0,0,0,0,0,25,45,0,0,4237,30,141,16,0
41994,367,959,0,27,1,0,0,0,0,0,0,0,0,0,0,0,0,24,0,0,0,4236,28,140,16,1
42134,367,935,0,32,3,0,0,0,0,0,0,0,0,0,0,0,0,25,0,0,0,4203,35,107,16,1
42277,367,964,1,30,1,0,0,0,0,0,0,0,0,0,0,0,0,131,0,0,0,4325,32,229,16,0
42419,367,965,0,26,8,0,0,0,0,0,0,0,0,0,0,0,0,26,0,0,0,4237,34,141,16,1
42558,367,963,0,34,2,0,0,0,0,0,0,0,0,0,0,0,0,29,0,0,0,4204,36,108,16,1
42698,366,961,1,27,0,0,0,0,0,0,0,0,0,0,0,0,0,26,0,0,0,4200,28,104,16,2
42839,368,957,1,29,3,0,0,0,0,0,0,0,0,0,0,0,0,25,0,0,0,4202,33,106,16,1
42978,367,956,1,23,1,0,0,0,0,0,0,0,0,0,0,0,0,25,0,0,0,4202,25,106,16,0
43118,367,959,0,23,1,0,0,0,0,0,0,0,0,0,0,0,0,25,0,0,0,4202,24,106,16,0
43274,367,965,1,32,4,0,0,0,0,0,0,0,0,0,0,0,0,27,0,0,0,4724,37,116,18,1
43414,367,962,2,24,3,1,0,0,0,0,0,0,0,0,0,0,0,25,78,0,0,4203,30,107,16,0
43555,367,964,0,33,5,0,0,0,0,0,0,0,0,0,0,0,0,79,0,0,0,4239,38,143,16,0
43696,367,964,0,24,0,0,0,0,0,0,0,0,0,0,0,0,0,83,0,0,0,4204,24,108,16,0
43835,366,967,0,29,1,0,0,1,0,0,0,0,0,0,0,0,0,29,0,45,0,4204,32,108,16,0
43976,366,948,0,36,1,0,0,0,0,0,0,0,0,0,0,0,0,27,0,0,0,4238,37,142,16,1
44116,366,968,1,19,2,0,0,0,0,0,0,0,0,0,0,0,0,29,0,0,0,4203,22,107,16,1
44260,366,970,1,3,2,0,0,0,0,0,0,0,0,0,0,0,0,32,0,0,0,4329,6,233,16,19
44399,366,970,0,5,3,1,0,0,0,0,0,0,0,0,0,1,0,30,47,0,0,4167,10,71,16,29
44539,366,966,0,0,2,1,0,0,0,0,0,0,0,0,0,0,0,0,45,0,0,4203,3,107,16,34
44678,366,965,0,28,3,0,0,0,0,0,0,0,0,0,0,0,0,26,0,0,0,4167,31,71,16,4
44817,366,966,0,24,2,0,0,0,0,0,0,0,0,0,0,0,0,24,0,0,0,4166,26,70,16,1
44956,366,963,0,26,1,0,0,0,0,0,0,0,0,0,0,0,0,26,0,0,0,4168,27,72,16,0
45094,366,965,0,32,4,0,0,0,0,0,0,0,0,0,0,0,0,25,0,0,0,4169,36,73,16,0
45234,366,969,0,35,3,1,0,0,0,0,0,0,0,0,0,0,0,100,45,0,0,4166,39,70,16,0
45469,365,968,1,46,8,0,0,0,0,0,0,0,0,0,0,0,0,93,0,0,0,7333,55,165,28,1
45609,365,973,1,22,3,0,0,0,0,0,0,0,0,0,0,0,0,23,0,0,0,4202,27,106,16,0
45749,366,965,0,32,0,0,0,0,0,0,0,0,0,0,0,0,0,25,0,0,0,4203,32,107,16,0
45889,365,976,0,26,1,0,0,0,0,0,0,0,0,0,0,0,0,28,0,0,0,4202,27,106,16,0
46029,371,968,0,18,1,0,0,0,0,0,0,0,0,0,0,0,0,31,0,0,0,4204,19,108,16,0
46170,366,970,0,33,2,1,0,0,0,0,0,0,0,0,0,0,0,27,45,0,0,4204,36,108,16,1
46310,366,968,0,19,3,1,0,0,0,0,0,0,0,0,0,0,0,26,57,0,0,4237,23,141,16,1
46455,365,967,0,22,3,0,0,0,0,0,1,0,0,0,0,0,0,25,0,0,0,4361,26,9,17,0
46593,365,968,0,26,3,0,0,0,0,0,0,0,0,0,0,0,0,117,0,0,0,4159,29,63,16,0
46733,365,966,0,33,0,0,0,0,0,0,0,0,0,0,0,0,0,25,0,0,0,4202,33,106,16,0
46873,365,971,0,37,3,0,0,0,0,0,0,0,0,0,0,0,0,25,0,0,0,4206,40,110,16,0
47013,365,971,0,34,3,0,0,0,0,0,0,1,0,0,0,0,0,26,0,0,0,4204,38,108,16,0
47153,372,974,0,25,1,0,0,0,0,0,0,0,0,0,0,0,0,29,0,0,0,4204,26,108,16,1
47293,365,972,0,19,0,1,0,0,0,0,0,0,0,0,0,0,0,183,40,0,0,4203,20,107,16,1
47451,365,972,0,25,1,0,0,0,0,0,0,0,0,0,0,0,0,146,0,0,0,4791,26,183,18,0
47592,372,973,1,26,3,0,0,0,0,0,0,0,0,0,0,0,0,29,0,0,0,4238,30,142,16,0
47732,365,973,0,28,1,1,1,1,0,0,0,0,0,0,0,0,0,32,40,54,0,4200,32,104,16,0
47880,373,972,0,29,4,0,0,0,0,0,0,0,0,0,0,0,0,30,0,0,0,4451,33,99,17,0
48019,365,970,0,26,4,1,0,1,0,0,0,0,0,0,0,0,0,234,54,57,0,4185,32,89,16,0
48161,365,972,0,24,1,0,0,0,0,0,0,0,0,0,0,0,0,48,0,0,0,4269,25,173,16,0
48301,365,969,0,18,4,0,0,0,0,0,0,0,0,0,0,0,0,28,0,0,0,4203,22,107,16,0
48445,365,971,0,22,3,0,0,0,1,0,0,0,0,0,0,0,0,26,0,0,0,4322,26,226,16,1
48584,364,975,1,28,1,0,0,0,0,0,0,0,0,0,0,0,0,25,0,0,0,4200,30,104,16,0
48724,365,974,0,21,1,0,1,0,0,0,0,0,0,0,0,0,0,26,0,0,0,4204,23,108,16,1
48865,365,975,0,25,1,0,0,0,0,0,0,0,0,0,0,0,0,219,0,0,0,4203,26,107,16,0
49006,365,977,0,22,2,0,0,0,0,0,0,0,0,0,0,0,0,28,0,0,0,4239,24,143,16,1
49145,365,973,0,14,1,0,0,0,0,0,0,0,0,0,0,0,0,28,0,0,0,4203,15,107,16,1
49286,365,1015,0,18,1,0,0,1,0,0,0,0,0,0,0,0,0,29,0,59,0,4204,20,108,16,1
49478,365,978,0,36,0,0,0,0,0,0,0,0,0,0,0,0,0,32,0,0,0,5921,36,33,23,0
49617,359,978,1,15,1,0,0,0,0,0,0,0,0,0,0,0,0,31,0,0,0,4166,17,70,16,0
49756,365,975,0,25,1,0,0,0,0,0,0,0,0,0,1,0,0,30,0,0,0,4166,27,70,16,1
49895,365,975,0,20,2,0,0,0,0,0,0,0,0,0,0,0,0,29,0,0,0,4170,22,74,16,0
50034,365,979,0,33,2,0,0,0,0,0,0,0,0,0,0,0,0,35,0,0,0,4169,35,73,16,0
50172,362,976,1,27,2,4,0,0,0,0,0,0,0,0,0,0,0,29,52,0,0,4167,34,71,16,0
50313,364,976,0,23,0,0,0,0,0,0,0,0,0,0,0,0,0,27,0,0,0,4199,23,103,16,0
50456,364,976,0,28,1,1,0,0,0,0,0,0,0,0,0,0,0,118,42,0,0,4326,30,230,16,0
50598,364,974,1,27,4,0,0,0,0,0,0,0,0,0,0,0,0,92,0,0,0,4275,32,179,16,1
50739,364,976,1,16,1,0,0,0,0,0,0,0,0,0,0,0,0,38,0,0,0,4204,18,108,16,0
50879,364,979,0,14,1,0,0,0,0,0,0,0,0,0,0,0,0,42,0,0,0,4204,15,108,16,0
51018,364,980,0,18,4,0,0,0,0,0,0,0,0,0,0,0,0,35,0,0,0,4205,22,109,16,0
51159,362,979,0,19,2,0,0,0,0,0,0,0,0,0,0,0,0,45,0,0,0,4203,21,107,16,0
51299,364,979,0,17,3,0,0,0,0,0,0,0,0,0,0,0,0,33,0,0,0,4204,20,108,16,0
51454,364,975,0,24,0,2,0,0,0,0,0,0,0,0,0,0,0,32,57,0,0,4727,26,119,18,0
51596,364,975,0,21,2,0,0,0,0,0,0,0,0,0,0,0,0,32,0,0,0,4240,23,144,16,0
51736,364,978,0,28,0,0,0,0,0,0,0,0,0,0,0,0,0,31,0,0,0,4204,28,108,16,0
51875,364,975,1,20,1,0,0,0,0,0,0,0,0,0,0,0,0,204,0,0,0,4203,22,107,16,0
52017,364,978,0,26,4,1,0,0,0,0,0,0,0,0,0,0,0,33,40,0,0,4240,31,144,16,0
52158,364,978,0,21,1,0,0,0,0,0,0,0,0,0,0,0,0,27,0,0,0,4239,22,143,16,0
52298,364,994,0,17,2,0,0,0,0,0,0,0,0,0,0,0,0,55,0,0,0,4204,19,108,16,0
52442,356,981,0,15,1,0,0,0,0,0,0,0,0,0,0,0,0,34,0,0,0,4327,16,231,16,0
52582,364,982,0,14,0,0,0,0,0,0,0,0,0,0,0,0,0,39,0,0,0,4203,14,107,16,0
52722,364,980,0,12,1,0,0,0,0,0,0,0,0,0,0,0,0,39,0,0,0,4204,13,108,16,2
52861,364,980,0,12,0,0,0,0,0,0,0,0,0,0,0,0,0,47,0,0,0,4203,12,107,16,1
53002,363,999,0,16,0,1,0,0,0,0,0,0,0,0,0,0,0,35,59,0,0,4202,17,106,16,0
53143,363,981,0,26,3,1,0,0,0,0,0,0,0,0,0,0,0,27,63,0,0,4239,30,143,16,0
53284,363,979,0,16,1,0,0,0,0,0,0,0,0,0,0,0,0,32,0,0,0,4239,17,143,16,0
53476,364,978,0,35,5,0,0,0,0,0,0,0,0,0,0,0,0,33,0,0,0,5891,40,3,23,0
53613,363,983,0,33,0,0,0,0,0,0,0,0,0,0,0,0,0,27,0,0,0,4136,33,40,16,0
53752,363,977,0,25,2,0,0,0,0,0,0,0,0,0,0,0,0,28,0,0,0,4171,27,75,16,1
53892,364,982,1,29,1,0,0,0,0,0,0,0,0,0,0,0,0,116,0,0,0,4170,31,74,16,1
54032,363,979,0,19,3,0,0,0,0,0,0,0,0,0,0,0,0,28,0,0,0,4203,22,107,16,0
54171,363,985,0,25,2,0,0,0,0,0,0,0,0,0,0,0,0,30,0,0,0,4204,27,108,16,4
54311,363,982,0,27,0,0,0,0,0,0,0,0,0,0,0,0,0,29,0,0,0,4203,27,107,16,0
54456,364,983,1,32,2,0,0,0,0,0,0,0,0,0,0,0,0,28,0,0,0,4329,35,233,16,1
54595,364,982,0,28,2,0,0,0,0,0,0,0,0,0,0,0,0,32,0,0,0,4204,30,108,16,1
54735,364,982,0,23,1,0,0,0,0,0,0,0,0,0,0,0,0,27,0,0,0,4202,24,106,16,1
54876,363,987,0,21,0,0,0,0,0,0,0,0,0,0,0,0,0,27,0,0,0,4204,21,108,16,0
55016,363,979,1,26,1,0,0,0,0,0,0,0,0,0,0,0,0,27,0,0,0,4206,28,110,16,1
55155,363,973,0,35,2,0,0,0,0,0,0,0,0,0,0,0,0,29,0,0,0,4203,37,107,16,1
55296,364,979,0,21,2,1,0,0,0,0,0,0,0,0,0,0,0,31,47,0,0,4201,24,105,16,2
55437,363,982,0,25,1,0,0,0,0,0,0,0,0,0,0,0,0,30,0,0,0,4243,26,147,16,3
55592,363,980,0,25,0,0,0,0,0,0,0,0,1,0,0,0,0,27,0,0,0,4729,26,121,18,0
55733,363,984,0,26,4,0,0,0,0,0,0,0,0,0,0,0,0,31,0,0,0,4206,30,110,16,0
55873,363,984,0,20,5,0,0,0,0,0,0,0,0,0,0,0,0,29,0,0,0,4205,25,109,16,2
56013,363,985,0,33,2,0,0,0,0,0,0,0,0,0,0,0,0,34,0,0,0,4205,35,109,16,2
56154,363,982,0,22,6,0,0,0,0,0,0,0,0,0,0,0,0,118,0,0,0,4205,28,109,16,0
56294,363,986,0,19,1,0,0,0,0,0,0,0,0,0,0,0,0,30,0,0,0,4242,20,146,16,0
56434,363,989,1,22,1,1,0,0,0,0,0,0,0,0,0,0,0,26,50,0,0,4204,25,108,16,0
56580,363,1009,0,32,5,1,1,0,0,0,0,0,0,0,0,0,0,101,49,0,0,4361,39,9,17,0
56720,363,982,1,19,1,0,0,1,0,0,0,0,0,0,0,0,0,103,0,56,0,4236,22,140,16,2
56862,363,988,0,25,1,0,0,0,0,0,0,0,0,0,0,0,0,32,0,0,0,4277,26,181,16,2
57003,363,983,0,20,1,0,1,0,0,0,0,0,0,0,0,0,0,38,0,0,0,4199,22,103,16,0
57142,371,984,0,26,0,1,0,0,0,0,0,0,0,0,0,0,0,28,77,0,0,4201,27,105,16,0
57283,363,985,0,28,1,0,0,0,0,0,0,0,0,0,0,0,0,27,0,0,0,4240,29,144,16,1
57423,362,983,0,22,2,0,0,0,0,0,0,0,0,0,0,0,0,31,0,0,0,4203,24,107,16,1
57613,363,988,0,42,5,1,0,0,0,0,0,0,0,0,0,0,0,27,70,0,0,5842,48,210,22,2
57754,362,987,2,37,3,0,0,0,0,0,0,0,0,0,0,0,0,43,0,0,0,4241,42,145,16,0
57894,363,988,0,25,0,0,0,0,0,0,0,0,0,0,0,0,0,30,0,0,0,4202,25,106,16,0
58035,362,984,0,15,2,0,0,0,0,0,0,0,0,0,0,0,0,28,0,0,0,4202,17,106,16,0
58174,362,988,1,29,3,0,0,0,0,0,0,0,0,0,0,0,0,30,0,0,0,4203,33,107,16,1
58314,357,991,0,21,1,1,0,0,0,0,0,0,0,0,0,0,0,29,42,0,0,4201,23,105,16,0
58456,361,992,0,28,2,0,0,0,0,0,0,0,0,0,0,0,0,34,0,0,0,4240,30,144,16,1
58599,363,987,1,19,5,0,1,0,0,0,0,0,0,0,0,0,0,33,0,0,0,4328,26,232,16,2
58739,362,992,0,33,3,1,0,0,0,0,0,0,0,0,0,0,0,44,64,0,0,4204,37,108,16,0
58881,363,987,0,23,0,0,1,0,0,0,0,0,0,0,0,0,0,28,0,0,0,4240,24,144,16,2
59021,363,988,0,24,1,0,0,0,0,0,0,0,0,0,0,0,0,160,0,0,0,4204,25,108,16,0
59161,362,984,0,16,5,0,0,0,0,0,0,0,0,0,0,0,0,30,0,0,0,4240,21,144,16,1
59301,362,990,1,22,0,0,0,0,0,0,0,0,0,0,0,0,0,31,0,0,0,4205,23,109,16,2
59442,362,988,0,19,4,0,0,0,0,0,0,0,0,0,0,0,0,124,0,0,0,4206,23,110,16,2
59598,362,987,0,29,1,0,0,0,0,0,0,0,0,0,0,0,0,35,0,0,0,4763,30,155,18,2
59739,362,991,0,15,0,0,0,0,0,0,0,0,0,0,0,0,0,59,0,0,0,4206,15,110,16,0
59879,362,989,0,11,0,0,0,0,0,0,0,0,0,0,0,0,0,28,0,0,0,4206,11,110,16,0
60019,362,988,1,18,0,0,0,0,0,0,0,0,0,0,0,0,0,115,0,0,0,4205,19,109,16,0
60161,364,991,1,14,0,0,0,0,0,0,0,0,0,0,0,0,0,37,0,0,0,4241,15,145,16,0
60300,362,990,0,7,1,0,0,0,0,0,0,0,0,0,0,0,0,36,0,0,0,4208,8,112,16,1
60438,362,987,0,14,3,0,0,0,0,0,0,0,0,0,0,0,0,94,0,0,0,4137,17,41,16,0
60581,362,989,0,8,0,0,0,0,0,0,0,0,0,0,0,0,0,50,0,0,0,4295,8,199,16,0
60719,362,987,0,1,0,0,0,0,0,0,0,0,0,0,0,0,0,150,0,0,0,4135,1,39,16,0
60857,362,1001,0,6,0,0,0,0,0,0,0,0,0,0,0,0,0,96,0,0,0,4135,6,39,16,0
60995,362,1023,0,2,0,0,0,0,0,0,0,0,0,0,0,0,0,129,0,0,0,4134,2,38,16,0
61133,363,987,0,0,0,0,0,0,0,0,0,0,0,0,0,0,0,0,0,0,0,4169,0,73,16,0
61270,362,988,0,3,0,0,0,0,0,0,0,0,0,0,0,0,0,61,0,0,0,4062,3,222,15,0
61408,362,991,0,0,0,0,0,0,0,0,0,0,0,0,0,0,0,0,0,0,0,4136,0,40,16,0
61559,361,1008,0,1,0,0,0,0,0,0,0,0,0,0,0,0,0,173,0,0,0,4588,1,236,17,0
61734,361,995,0,4,0,1,0,0,0,0,0,0,0,0,0,0,0,95,13,0,0,5371,5,251,20,1
61874,362,989,0,5,0,0,0,0,0,0,0,0,0,0,0,0,0,57,0,0,0,4169,5,73,16,1
62011,360,990,0,3,0,0,0,0,0,0,0,0,0,0,0,0,0,130,0,0,0,4100,3,4,16,0
62147,362,990,0,5,0,0,0,0,0,0,0,0,0,0,0,0,0,75,0,0,0,4102,5,6,16,1
62283,362,990,0,1,0,0,0,0,0,0,0,0,0,0,0,0,0,14,0,0,0,4065,1,225,15,0
62422,362,989,0,12,0,0,0,0,0,0,0,0,0,0,0,0,0,97,0,0,0,4136,12,40,16,0
62561,363,989,0,8,0,0,1,0,0,0,0,0,0,0,0,0,0,34,0,0,0,4171,9,75,16,0
62701,362,991,0,6,0,0,0,0,0,0,0,0,0,0,0,0,0,54,0,0,0,4228,6,132,16,1
62839,362,989,0,7,0,0,0,0,0,0,0,0,0,0,0,0,0,62,0,0,0,4136,7,40,16,0
62976,364,1015,0,3,0,0,0,0,0,0,0,0,0,0,0,0,0,92,0,0,0,4099,3,3,16,0
63113,364,985,0,10,0,0,0,0,0,0,0,0,0,0,0,0,0,55,0,0,0,4100,10,4,16,3
63251,366,991,1,18,4,0,0,0,0,0,0,0,0,0,0,0,0,27,0,0,0,4135,23,39,16,0
63390,365,986,0,17,0,0,1,0,0,0,0,0,0,0,0,0,0,28,0,0,0,4171,18,75,16,2
63528,363,988,0,36,5,0,0,1,0,0,0,0,0,0,0,0,0,23,0,31,0,4170,42,74,16,1
63685,362,990,0,9,2,0,0,0,0,0,0,0,0,0,0,0,0,68,0,0,0,4726,11,118,18,0
63834,363,994,0,19,2,0,0,0,0,0,0,0,0,0,0,0,0,26,0,0,0,4501,21,149,17,0
63974,361,992,0,10,0,0,0,0,0,0,0,0,0,0,0,0,0,55,0,0,0,4208,10,112,16,2
64114,364,990,0,32,7,0,0,0,0,0,0,0,0,0,0,0,0,125,0,0,0,4205,39,109,16,2
64256,364,993,0,35,5,2,0,0,0,0,0,0,0,0,0,0,0,21,28,0,0,4243,42,147,16,2
64397,361,991,0,29,6,0,0,0,0,0,0,0,0,0,0,0,0,36,0,0,0,4243,35,147,16,1
64537,361,993,0,28,4,0,0,0,0,0,0,0,0,0,0,0,0,26,0,0,0,4207,32,111,16,3
64680,362,993,1,19,1,1,0,0,0,0,0,0,0,0,0,0,0,53,47,0,0,4330,22,234,16,0
64822,361,989,0,0,0,0,0,0,0,0,0,0,0,0,0,0,0,0,0,0,0,4244,0,148,16,0
64959,360,996,0,14,1,0,0,0,0,0,0,0,0,0,0,0,0,40,0,0,0,4102,15,6,16,0
65096,360,988,0,7,0,0,0,0,0,0,0,0,0,0,0,0,0,80,0,0,0,4136,7,40,16,0
65233,360,990,0,5,2,0,0,0,0,0,0,0,0,0,0,0,0,53,0,0,0,4101,7,5,16,0
65370,360,991,0,14,0,0,0,0,0,0,0,0,0,0,0,0,0,38,0,0,0,4066,14,226,15,1
65510,360,1023,0,5,2,0,0,0,0,0,0,0,0,0,0,0,0,52,0,0,0,4206,7,110,16,0
65665,360,994,0,6,0,0,0,0,0,0,0,0,0,0,0,0,0,52,0,0,0,4691,6,83,18,0
65836,360,989,0,12,0,0,0,0,0,0,0,0,0,0,0,0,0,59,0,0,0,5234,12,114,20,2
65976,360,991,0,9,3,0,0,0,0,0,0,0,0,0,0,0,0,59,0,0,0,4207,12,111,16,0
66115,360,989,0,16,1,0,0,0,0,0,0,0,0,0,0,0,0,50,0,0,0,4173,17,77,16,1
66254,360,992,0,9,0,0,0,0,0,0,0,0,0,0,0,0,0,59,0,0,0,4170,9,74,16,1
66391,360,988,0,8,1,0,0,0,0,0,0,0,0,0,0,0,0,76,0,0,0,4098,9,2,16,0
66527,360,990,0,5,0,0,0,1,0,0,0,0,0,0,0,0,0,58,0,159,0,4060,6,220,15,2
66666,360,993,0,0,0,0,0,0,0,0,0,0,0,0,0,0,0,0,0,0,0,4206,0,110,16,0
66807,369,992,0,4,0,0,0,0,0,0,0,0,0,0,0,0,0,54,0,0,0,4225,4,129,16,0
66946,360,988,0,4,0,0,0,0,0,0,0,0,0,0,0,0,0,65,0,0,0,4135,4,39,16,0
67082,360,990,0,7,0,0,0,0,0,0,0,0,0,0,0,0,0,56,0,0,0,4100,7,4,16,0
67218,360,985,0,5,0,0,0,0,0,0,0,0,0,0,0,0,0,120,0,0,0,4066,5,226,15,1
67357,360,990,0,0,0,0,0,0,0,0,0,0,0,0,0,0,0,0,0,0,0,4172,0,76,16,0
67492,360,991,0,5,0,0,0,0,0,0,0,0,0,0,0,0,0,70,0,0,0,4066,5,226,15,0
67631,360,990,0,2,0,0,0,0,0,0,0,0,0,0,0,0,0,90,0,0,0,4138,2,42,16,0
67783,360,988,0,2,0,0,0,0,0,0,0,0,0,0,0,0,0,89,0,0,0,4623,2,15,18,1
67920,360,989,0,3,0,0,0,0,0,0,0,0,0,0,0,0,0,197,0,0,0,4102,3,6,16,1
68058,360,989,0,3,0,0,0,0,0,0,0,0,0,0,0,0,0,56,0,0,0,4101,3,5,16,1
68193,360,990,1,5,0,0,0,0,0,0,0,0,0,0,0,0,0,32,0,0,0,4064,6,224,15,0
68331,360,990,0,4,1,0,0,0,0,0,0,0,0,0,0,0,0,115,0,0,0,4134,5,38,16,1
68469,360,988,0,13,2,0,0,0,0,0,0,0,0,0,0,0,0,40,0,0,0,4136,15,40,16,0
68608,360,990,0,10,0,0,0,0,0,0,0,0,0,0,0,0,0,95,0,0,0,4170,10,74,16,0
68751,360,993,0,1,0,0,0,0,0,0,0,0,0,0,0,0,0,31,0,0,0,4293,1,197,16,1
68889,367,993,0,5,0,0,0,0,0,0,0,0,0,0,0,0,0,115,0,0,0,4135,5,39,16,0
69026,360,990,0,13,0,1,0,0,0,0,0,0,0,0,0,0,0,79,94,0,0,4135,14,39,16,0
69167,360,989,0,6,1,0,0,0,0,0,0,0,0,0,0,0,0,101,0,0,0,4209,7,113,16,1
69306,360,992,0,6,0,0,0,0,0,0,0,0,0,0,0,0,0,64,0,0,0,4171,7,75,16,0
69443,360,998,0,5,2,0,0,0,0,0,0,0,0,0,0,0,0,51,0,0,0,4101,7,5,16,1
69578,360,987,0,2,0,0,0,0,0,0,0,0,0,0,0,0,0,99,0,0,0,4065,2,225,15,2
69716,361,991,0,6,2,0,0,0,0,0,0,0,0,0,0,0,0,92,0,0,0,4136,8,40,16,3
69905,360,991,0,0,0,0,0,0,0,0,0,0,0,0,0,0,0,0,0,0,0,5820,0,188,22,0
70042,361,992,0,9,0,0,0,0,0,0,0,0,0,0,0,0,0,49,0,0,0,4105,9,9,16,1
70177,361,991,0,7,0,0,0,0,0,0,0,0,0,0,0,0,0,49,0,0,0,4066,7,226,15,0
70316,360,996,1,1,0,0,0,0,0,0,0,0,0,0,0,0,0,12,0,0,0,4139,2,43,16,0
70453,360,991,0,11,2,0,0,0,0,1,0,0,0,0,0,0,0,64,0,0,105,4099,14,3,16,2
70593,360,989,0,4,0,0,0,0,0,0,0,0,0,0,0,0,0,77,0,0,0,4209,4,113,16,0
70730,361,996,0,10,0,0,0,0,0,0,0,0,0,0,0,0,0,63,0,0,0,4137,10,41,16,0
70874,364,997,0,0,0,0,0,0,0,0,0,0,0,0,0,0,0,0,0,0,0,4297,0,201,16,0
71011,361,998,0,5,0,0,0,0,0,0,0,0,0,0,0,0,0,80,0,0,0,4101,5,5,16,0
71146,361,993,0,0,0,0,0,0,0,0,0,0,0,0,0,0,0,0,0,0,0,4067,0,227,15,0
71283,361,993,0,0,0,0,0,0,0,0,0,0,0,0,0,0,0,0,0,0,0,4102,0,6,16,0
71418,361,993,0,3,0,0,0,0,0,0,0,0,0,0,0,0,0,85,0,0,0,4030,3,190,15,0
71556,360,996,0,3,0,0,0,0,0,0,0,0,0,0,0,0,0,59,0,0,0,4137,3,41,16,1
71693,361,994,1,0,1,0,0,0,0,0,0,0,0,0,0,0,0,0,0,0,0,4100,2,4,16,0
71843,361,985,0,5,1,0,0,0,0,0,0,0,0,0,0,0,0,49,0,0,0,4556,6,204,17,0
71982,362,994,0,5,0,1,0,0,0,0,0,0,0,0,0,0,0,99,208,0,0,4138,6,42,16,0
72121,361,993,0,1,0,0,0,0,0,0,0,0,0,0,0,0,0,136,0,0,0,4173,1,77,16,1
72259,362,992,0,4,0,0,0,0,0,0,0,0,0,0,0,0,0,21,0,0,0,4137,4,41,16,0
72395,362,999,0,1,0,0,0,0,0,0,0,0,0,0,0,0,0,154,0,0,0,4103,1,7,16,0
72532,362,992,0,8,0,0,0,0,0,0,0,0,0,0,0,0,0,111,0,0,0,4104,8,8,16,0
72670,361,993,0,3,0,0,0,0,0,0,0,0,0,0,0,0,0,44,0,0,0,4102,3,6,16,1
72805,361,994,0,3,0,0,0,0,0,0,0,0,0,0,0,0,0,96,0,0,0,4067,3,227,15,0
72947,361,996,0,4,0,0,0,0,0,0,0,0,0,0,0,0,0,146,0,0,0,4262,4,166,16,0
73086,361,995,0,3,0,0,0,0,0,0,0,0,0,0,0,0,0,137,0,0,0,4173,3,77,16,0
73225,361,996,0,3,0,0,0,0,0,0,0,0,0,0,0,0,0,255,255,4,0,4137,3,41,16,0
73364,361,993,0,0,1,0,0,0,0,0,0,0,0,0,0,0,0,0,0,0,0,4207,1,111,16,0
73501,364,994,0,5,1,0,0,0,0,0,0,0,0,0,0,0,0,70,0,0,0,4101,6,5,16,2
73637,361,995,0,5,1,0,0,0,0,0,0,0,0,0,0,0,0,38,0,0,0,4067,6,227,15,0
73776,361,996,0,19,2,0,1,0,0,0,0,0,0,0,0,0,0,42,0,0,0,4136,22,40,16,0
73965,361,998,0,19,2,0,0,0,0,0,0,0,0,0,0,0,0,51,0,0,0,5835,21,203,22,2
74105,358,1001,1,15,1,0,0,0,0,0,0,0,0,0,0,0,0,36,0,0,0,4211,17,115,16,0
74247,361,1001,0,3,0,0,0,0,0,0,0,0,0,0,0,0,0,80,0,0,0,4246,3,150,16,0
74386,363,969,0,2,1,0,0,0,0,0,0,0,0,0,0,0,0,191,0,0,0,4173,3,77,16,0
74523,362,1000,0,9,1,0,0,0,0,0,0,0,0,0,0,0,0,74,0,0,0,4139,10,43,16,0
74662,362,997,0,2,0,0,0,0,0,0,0,0,0,0,0,0,0,37,0,0,0,4173,2,77,16,0
74800,361,994,0,5,1,0,0,0,0,0,0,0,0,0,0,0,0,98,0,0,0,4104,6,8,16,0
74939,361,999,0,2,0,0,0,0,0,0,0,0,0,0,0,0,0,49,0,0,0,4191,2,95,16,0
75076,361,1002,0,6,0,0,0,0,0,0,0,0,0,0,0,0,0,126,0,0,0,4100,6,4,16,1
75214,360,1000,0,7,0,0,0,0,0,0,0,0,0,0,0,0,0,38,0,0,0,4136,7,40,16,0
75353,362,1000,0,6,1,0,0,0,0,0,0,0,0,0,0,0,0,63,0,0,0,4136,7,40,16,0
75490,361,992,0,10,1,0,0,0,0,0,0,0,0,0,0,0,0,55,0,0,0,4152,11,56,16,0
75629,358,991,0,6,0,0,0,0,0,0,0,0,0,0,0,0,0,78,0,0,0,4173,6,77,16,0
75766,361,994,0,3,0,0,0,0,0,0,0,0,0,0,0,0,0,155,0,0,0,4101,3,5,16,0
75904,362,998,0,3,0,0,0,0,0,0,0,0,0,0,0,0,0,50,0,0,0,4101,3,5,16,1
76055,362,997,0,6,0,0,0,0,0,0,0,0,0,0,0,0,0,62,0,0,0,4605,6,253,17,0
76192,362,1000,0,6,1,0,0,0,0,0,0,0,0,0,0,0,0,61,0,0,0,4137,7,41,16,0
76331,361,994,0,23,1,0,1,0,0,0,0,0,0,0,0,0,0,35,0,0,0,4140,25,44,16,0
76470,362,995,0,4,0,0,0,0,0,0,0,0,0,0,0,0,0,96,0,0,0,4174,4,78,16,0
76607,361,993,0,2,0,0,0,0,0,0,0,0,0,0,0,0,0,89,0,0,0,4102,2,6,16,0
76743,361,998,0,11,1,0,0,0,0,0,0,0,0,0,0,0,0,42,0,0,0,4067,12,227,15,1
76883,361,997,0,1,1,0,0,0,0,0,0,0,0,0,0,0,0,127,0,0,0,4210,2,114,16,1
77026,362,995,1,14,0,0,0,0,0,0,0,0,0,0,0,0,0,32,0,0,0,4299,15,203,16,0
77166,362,996,0,23,0,0,0,0,0,0,0,0,0,0,0,0,0,41,0,0,0,4211,23,115,16,0
77306,361,979,0,10,1,0,0,0,0,0,0,0,0,0,0,0,0,48,0,0,0,4208,11,112,16,0
77447,353,997,0,15,0,1,0,0,0,0,0,0,0,0,0,0,0,49,70,0,0,4209,16,113,16,0
77588,362,1009,0,39,6,0,0,0,0,0,0,0,0,0,0,0,0,27,0,0,0,4245,45,149,16,0
77729,361,1001,0,13,0,0,0,0,0,0,0,0,0,0,0,0,0,45,0,0,0,4243,13,147,16,0
77871,362,993,0,7,0,0,0,0,0,0,0,1,0,0,0,0,0,42,0,0,0,4243,8,147,16,0
78060,361,998,0,10,4,0,0,0,0,0,0,0,0,0,0,0,0,3,0,0,0,5835,14,203,22,0
78199,362,995,0,16,3,0,1,0,0,0,0,0,0,0,0,0,0,39,0,0,0,4174,20,78,16,1
78339,361,993,0,10,0,0,0,0,0,0,0,0,0,0,0,0,0,64,0,0,0,4173,10,77,16,0
78477,361,998,0,26,0,0,0,0,0,0,0,0,0,0,0,0,0,38,0,0,0,4173,26,77,16,2
78616,361,997,0,22,3,0,0,0,0,0,0,0,0,0,0,0,0,83,0,0,0,4176,25,80,16,0
78755,362,992,1,14,1,0,0,0,0,0,0,0,0,0,0,0,0,76,0,0,0,4173,16,77,16,0
78895,362,1002,0,15,0,0,0,0,0,0,0,0,0,0,0,0,0,35,0,0,0,4175,15,79,16,1
79039,363,1000,1,16,0,0,0,0,0,0,0,0,0,0,0,0,0,45,0,0,0,4334,17,238,16,0
79180,362,996,0,8,0,0,0,0,0,0,0,0,0,0,0,0,0,63,0,0,0,4244,8,148,16,1
79318,363,998,0,15,1,0,0,0,0,0,0,0,0,0,0,0,0,55,0,0,0,4137,16,41,16,0
79457,362,994,0,15,1,0,0,0,0,0,0,0,0,0,0,0,0,39,0,0,0,4173,16,77,16,0
79596,363,997,0,4,0,0,0,0,0,0,0,0,0,0,0,0,0,43,0,0,0,4173,4,77,16,2
79734,361,996,0,12,0,0,0,0,0,0,0,0,0,0,0,0,0,53,0,0,0,4141,12,45,16,0
79892,363,996,0,4,0,0,0,0,0,0,0,0,0,0,0,0,0,53,0,0,0,4792,5,184,18,0
80030,362,995,0,8,0,0,0,0,0,0,0,0,0,0,0,0,0,57,0,0,0,4134,8,38,16,0
80183,364,998,0,10,0,0,0,0,0,0,0,0,0,0,0,0,0,115,0,0,0,4628,10,20,18,0
80323,364,995,0,9,0,0,0,0,0,0,0,0,0,0,0,0,0,60,0,0,0,4209,9,113,16,0
80461,362,1000,1,23,2,1,0,0,0,0,0,0,0,0,0,0,0,32,71,0,0,4140,27,44,16,0
80603,362,995,0,9,1,0,0,0,0,0,0,0,0,0,0,0,0,53,0,0,0,4245,10,149,16,0
80742,362,998,0,13,1,0,0,0,0,0,0,0,0,0,0,0,0,46,0,0,0,4176,14,80,16,1
80881,361,993,0,2,0,0,0,0,0,0,0,0,0,0,0,0,0,88,0,0,0,4176,2,80,16,0
81018,361,992,0,1,0,0,0,0,0,0,0,0,0,0,0,0,0,12,0,0,0,4105,1,9,16,0
81158,361,980,0,3,0,0,0,0,0,0,0,0,0,0,0,0,0,155,0,0,0,4190,3,94,16,0
81296,361,996,0,2,1,0,0,0,0,0,0,0,0,0,0,0,0,155,0,0,0,4139,3,43,16,1
81433,361,996,0,11,0,0,0,0,0,0,0,0,0,0,0,0,0,71,0,0,0,4137,11,41,16,2
81572,361,994,0,21,2,0,0,0,0,0,0,0,0,0,0,0,0,45,0,0,0,4173,23,77,16,1
81712,361,993,0,3,2,0,0,0,0,0,0,0,0,0,0,0,0,47,0,0,0,4172,5,76,16,1
81849,361,995,0,17,2,0,0,0,0,0,0,0,0,0,0,0,0,45,0,0,0,4116,19,20,16,1
81988,369,1002,0,4,0,0,0,0,0,0,0,0,0,0,0,0,0,169,0,0,0,4173,4,77,16,0
82178,361,1000,0,7,0,0,1,0,0,0,0,0,0,0,0,0,0,47,0,0,0,5831,8,199,22,1
82317,361,992,0,3,0,0,0,0,0,0,0,0,0,0,0,0,0,72,0,0,0,4172,3,76,16,0
82453,361,997,0,8,2,0,0,0,0,0,0,0,0,0,0,0,0,45,0,0,0,4104,10,8,16,0
82590,361,993,0,0,1,0,0,0,0,0,0,0,0,0,0,0,0,0,0,0,0,4106,1,10,16,0
82726,361,1000,0,3,0,0,0,0,0,0,0,0,0,0,0,0,0,96,0,0,0,4068,3,228,15,0
82866,361,998,0,3,0,0,0,0,0,0,0,0,0,0,0,0,0,131,0,0,0,4175,3,79,16,2
83004,361,992,0,6,1,0,0,0,0,1,0,0,0,0,0,0,0,75,0,0,143,4141,8,45,16,0
83146,361,990,0,3,1,0,0,0,0,0,0,0,0,0,0,0,0,52,0,0,0,4300,4,204,16,0
83284,361,995,0,18,1,0,0,0,0,0,0,0,0,0,0,0,0,41,0,0,0,4136,19,40,16,0
83424,361,996,0,11,1,0,0,0,0,0,0,0,0,0,0,0,0,51,0,0,0,4175,12,79,16,1
83563,361,996,0,6,0,0,0,0,0,0,0,0,0,0,0,0,0,46,0,0,0,4175,6,79,16,1
83699,361,993,0,14,2,0,0,0,0,0,0,0,0,0,0,0,0,61,0,0,0,4104,16,8,16,0
83837,361,995,0,15,1,0,0,0,0,0,0,0,0,0,0,0,0,28,0,0,0,4139,16,43,16,0
83977,361,997,0,8,2,0,0,0,1,0,0,0,0,0,0,0,0,51,0,0,0,4177,11,81,16,0
84115,365,994,0,11,3,1,0,0,0,0,0,0,0,0,0,0,0,34,75,0,0,4137,15,41,16,0
84271,362,1000,0,16,0,0,0,0,0,0,0,0,0,0,0,0,0,55,0,0,0,4730,16,122,18,0
84412,361,993,1,4,1,0,0,0,0,0,0,0,0,0,0,0,0,69,0,0,0,4245,6,149,16,1
84550,362,997,0,24,0,0,0,0,0,0,0,0,0,0,0,0,0,36,0,0,0,4139,24,43,16,1
84689,361,1001,0,13,3,0,0,0,0,0,0,0,0,0,0,0,0,49,0,0,0,4173,16,77,16,1
84830,362,994,0,1,0,0,0,0,0,0,0,0,0,0,0,0,0,80,0,0,0,4209,1,113,16,0
84968,361,998,0,13,3,0,0,0,0,0,0,0,0,0,0,0,0,42,0,0,0,4138,16,42,16,0
85107,369,998,0,7,2,0,0,0,0,0,0,0,0,0,0,0,0,46,0,0,0,4175,9,79,16,0
85248,361,1004,0,7,0,0,0,0,0,0,0,0,0,0,0,0,0,43,0,0,0,4228,7,132,16,0
85387,362,998,0,3,0,0,0,0,0,0,0,0,0,0,0,0,0,108,0,0,0,4173,3,77,16,0
85525,362,991,0,0,0,0,0,0,0,0,0,0,0,0,0,0,0,0,0,0,0,4138,0,42,16,0
85660,363,994,0,13,3,0,0,1,0,0,0,0,0,0,0,0,0,31,0,68,0,4070,17,230,15,0
85801,362,999,0,5,1,0,0,0,0,0,0,0,0,0,0,0,0,42,0,0,0,4243,6,147,16,1
85940,362,999,0,3,0,0,0,0,0,0,0,0,0,0,0,0,0,154,0,0,0,4140,3,44,16,0
86078,364,997,0,2,1,0,0,0,0,0,0,0,0,0,0,0,0,25,0,0,0,4139,3,43,16,0
86267,363,997,0,22,1,0,0,0,0,0,0,0,0,0,0,0,0,50,0,0,0,5807,23,175,22,0
86408,362,998,0,6,0,0,0,0,0,0,0,0,0,0,0,0,0,51,0,0,0,4214,6,118,16,0
86545,362,995,0,5,0,0,0,0,0,0,0,0,0,0,0,0,0,87,0,0,0,4143,5,47,16,2
86682,362,996,0,20,0,0,0,0,0,0,0,0,0,0,0,0,0,35,0,0,0,4104,20,8,16,1
86820,362,994,0,8,1,0,0,0,0,0,0,0,0,0,0,0,0,51,0,0,0,4138,9,42,16,1
86958,363,996,0,5,0,0,0,0,0,0,0,0,0,0,0,0,0,68,0,0,0,4104,5,8,16,1
87094,362,998,0,6,1,0,0,0,0,0,0,0,0,0,0,0,0,79,0,0,0,4067,7,227,15,0
87231,362,999,0,1,0,0,0,0,0,0,0,0,0,0,0,0,0,14,0,0,0,4143,1,47,16,0
87372,362,968,1,16,0,0,0,1,0,0,0,0,0,0,0,0,0,43,0,78,0,4229,18,133,16,0
87514,363,996,0,7,1,0,0,0,0,0,0,0,0,0,0,0,0,48,0,0,0,4245,8,149,16,0
87652,362,995,0,1,0,0,0,0,0,0,0,0,0,0,0,0,0,133,0,0,0,4141,1,45,16,0
87790,363,1001,0,7,2,0,0,0,0,0,0,0,0,0,0,0,0,35,0,0,0,4138,9,42,16,0
87927,363,999,0,22,2,0,0,0,0,0,0,0,0,0,0,0,0,28,0,0,0,4140,24,44,16,1
88067,362,997,0,16,1,0,0,0,0,0,0,0,0,0,0,0,0,61,0,0,0,4175,17,79,16,0
88206,362,997,0,11,1,0,0,0,0,0,0,0,0,0,0,0,0,54,0,0,0,4173,12,77,16,1
88361,362,994,0,2,0,0,0,0,0,0,0,0,0,0,0,0,0,62,0,0,0,4697,2,89,18,1
88498,362,997,0,6,1,0,0,0,0,0,0,0,0,0,0,0,0,131,0,0,0,4104,7,8,16,0
88635,363,1001,0,2,0,0,0,0,0,0,0,0,0,0,0,0,0,150,0,0,0,4105,2,9,16,1
88773,370,999,0,10,0,0,0,0,0,0,0,0,0,0,0,0,0,50,0,0,0,4139,10,43,16,0
88912,364,1001,1,16,3,1,0,0,0,0,0,0,0,0,0,0,0,39,50,0,0,4176,21,80,16,0
89054,363,997,0,12,1,1,0,0,0,0,0,0,0,0,0,0,0,53,96,0,0,4246,14,150,16,1
89195,365,1003,0,24,2,0,0,0,0,0,0,0,0,0,0,0,0,43,0,0,0,4246,26,150,16,0
89340,366,995,0,6,1,0,0,0,0,0,0,0,0,0,0,0,0,72,0,0,0,4368,7,16,17,1
89477,362,998,0,9,0,0,0,0,0,0,0,0,0,0,0,0,0,83,0,0,0,4100,9,4,16,0
89613,364,1001,2,19,1,0,0,0,0,0,0,0,0,0,0,0,0,49,0,0,0,4064,22,224,15,8
89754,363,999,0,0,1,0,0,0,0,0,0,0,0,0,0,0,0,0,0,0,0,4242,1,146,16,2
89890,363,997,0,2,0,0,0,0,0,0,0,0,0,0,0,0,0,185,0,0,0,4100,2,4,16,2
90028,363,1002,0,9,0,0,0,0,0,0,0,0,0,0,0,0,0,33,0,0,0,4100,9,4,16,0
90165,363,1000,0,11,1,1,0,0,0,0,0,0,0,0,0,0,0,55,80,0,0,4100,13,4,16,0
90355,363,995,0,1,0,0,0,0,0,0,0,0,0,0,0,0,0,113,0,0,0,5856,1,224,22,0
90493,364,1003,0,7,2,0,0,0,0,0,0,0,0,0,0,0,0,37,0,0,0,4172,9,76,16,1
90632,363,999,0,12,1,0,0,0,0,0,0,0,0,0,0,0,0,44,0,0,0,4137,13,41,16,1
90771,363,1002,0,7,0,0,0,0,0,0,0,0,0,0,0,0,0,64,0,0,0,4173,7,77,16,1
90909,363,998,0,0,0,0,0,0,0,0,0,0,0,0,0,0,0,0,0,0,0,4137,0,41,16,2
91044,366,995,0,3,2,0,1,0,0,0,0,0,0,0,0,0,0,54,0,0,0,4068,6,228,15,39
91184,364,995,0,1,3,5,0,0,0,0,0,0,0,0,0,0,0,59,36,0,0,4168,9,72,16,29
91323,364,995,0,12,0,0,0,0,0,0,0,0,0,0,0,0,0,51,0,0,0,4173,12,77,16,0
91465,364,989,0,8,1,0,0,0,0,0,0,0,0,0,0,0,0,84,0,0,0,4299,9,203,16,0
91603,365,995,1,30,3,0,0,0,0,0,0,0,0,0,0,0,0,57,0,0,0,4140,34,44,16,0
91743,363,1004,0,20,2,0,0,0,0,0,0,0,0,0,0,0,0,33,0,0,0,4174,22,78,16,0
91883,363,992,0,3,1,0,0,0,0,0,0,0,0,0,0,0,0,94,0,0,0,4210,4,114,16,0
92021,361,999,3,5,0,0,0,0,0,0,0,0,0,0,0,0,0,49,0,0,0,4139,8,43,16,5
92158,363,996,1,2,2,1,0,0,0,0,0,0,0,0,0,0,0,42,71,0,0,4104,6,8,16,11
92297,364,1023,0,0,0,0,0,0,0,0,0,0,0,0,0,0,0,0,0,0,0,4140,0,44,16,0
92449,363,998,0,0,0,0,0,0,0,0,0,0,0,0,0,0,0,0,0,0,0,4626,0,18,18,5
92585,365,998,0,0,2,3,0,0,1,0,0,0,0,0,0,0,0,0,45,0,0,4070,6,230,15,30
92725,363,1002,0,11,0,0,0,0,0,0,0,0,0,0,0,0,0,68,0,0,0,4174,11,78,16,1
92865,363,994,0,4,0,0,0,0,0,0,0,0,0,0,0,0,0,91,0,0,0,4211,4,115,16,0
93002,363,999,0,0,0,0,0,0,0,0,0,0,0,0,0,0,0,0,0,0,0,4140,0,44,16,0
93138,363,1004,0,7,0,0,0,0,0,0,0,0,0,0,0,0,0,68,0,0,0,4067,7,227,15,0
93278,362,993,0,14,0,0,0,0,0,0,0,0,0,0,0,0,0,42,0,0,0,4175,14,79,16,1
93421,363,995,0,5,0,0,0,0,0,0,0,0,0,0,0,0,0,36,0,0,0,4300,5,204,16,1
93558,363,994,0,9,0,0,0,0,0,0,0,0,0,0,0,0,0,69,0,0,0,4140,9,44,16,1
93696,364,997,0,12,1,1,0,0,0,0,0,0,0,0,0,0,0,37,230,0,0,4104,14,8,16,2
93836,364,999,0,13,2,0,0,0,0,0,0,0,0,0,0,0,0,64,0,0,0,4210,15,114,16,1
93976,363,999,0,7,0,0,0,0,0,0,0,0,0,0,0,0,0,100,0,0,0,4211,7,115,16,1
94115,364,1023,0,2,0,0,0,0,0,0,0,0,0,0,0,0,0,159,0,0,0,4176,2,80,16,0
94255,364,997,0,0,0,0,0,0,0,0,0,0,0,0,0,0,0,0,0,0,0,4177,0,81,16,1
94391,365,996,1,2,3,1,0,0,0,0,0,0,0,0,0,0,0,35,49,0,0,4071,7,231,15,10
94582,365,996,0,11,0,0,0,0,0,0,0,0,0,0,0,0,0,44,0,0,0,5904,11,16,23,0
94722,364,1002,0,20,1,0,0,0,0,0,0,0,0,0,0,0,0,35,0,0,0,4175,21,79,16,0
94862,364,995,0,17,1,0,0,0,0,0,1,0,0,0,0,0,0,70,0,0,0,4212,19,116,16,1
95002,363,995,0,6,0,0,0,0,0,0,0,0,0,0,0,0,0,76,0,0,0,4212,6,116,16,2
95140,364,978,0,1,0,0,0,0,0,0,0,0,0,0,0,0,0,15,0,0,0,4142,1,46,16,1
95278,364,1023,0,1,1,0,0,0,0,0,0,0,0,0,0,0,0,170,0,0,0,4104,2,8,16,1
95415,366,997,1,10,6,0,0,0,0,0,0,0,0,0,0,0,0,183,0,0,0,4139,17,43,16,10
95561,365,991,0,0,0,0,0,0,0,0,0,0,0,0,0,0,0,0,0,0,0,4405,0,53,17,9
95725,365,995,0,0,1,0,0,0,0,0,0,0,0,0,0,0,0,0,0,0,0,4984,1,120,19,4
95862,364,996,0,4,0,0,1,0,0,0,0,0,0,0,0,0,0,63,0,0,0,4102,5,6,16,1
95997,364,995,0,9,0,0,0,0,0,0,0,0,0,0,0,0,0,97,0,0,0,4068,9,228,15,0
96136,364,1005,0,8,0,1,0,0,0,0,0,0,0,0,0,0,0,67,143,0,0,4138,9,42,16,0
96276,365,998,0,5,1,0,0,0,0,0,0,0,0,0,0,0,0,151,0,0,0,4213,6,117,16,0
96415,359,997,0,0,0,0,0,0,0,0,0,0,0,0,0,0,0,0,0,0,0,4174,0,78,16,0
96567,366,991,0,0,0,0,0,0,0,0,0,0,0,0,0,0,0,0,0,0,0,4593,0,241,17,2
96704,366,995,0,0,0,0,0,0,0,0,0,0,0,0,0,0,0,0,0,0,0,4105,0,9,16,5
96839,367,992,0,0,0,0,0,0,0,0,0,0,0,0,0,0,0,0,0,0,0,4036,0,196,15,2
96976,365,994,0,1,1,0,0,0,0,0,0,0,0,0,0,0,0,204,0,0,0,4106,2,10,16,0
97115,364,988,0,5,0,0,0,0,0,0,0,0,0,0,0,0,0,111,0,0,0,4142,5,46,16,0
97253,364,991,1,32,3,0,0,0,0,0,0,0,0,0,0,0,0,25,0,0,0,4141,36,45,16,0
97392,366,993,0,5,0,0,0,0,0,0,0,0,0,0,0,0,0,54,0,0,0,4176,5,80,16,1
97532,365,990,2,4,0,0,0,0,0,0,0,0,0,0,0,0,0,40,0,0,0,4228,6,132,16,2
97671,365,994,0,1,1,0,0,0,0,0,0,0,0,0,0,0,0,42,0,0,0,4141,2,45,16,22
97809,366,992,0,0,1,0,0,0,1,0,0,0,0,0,0,0,0,0,0,0,0,4140,2,44,16,20
97946,366,997,0,12,2,0,0,0,0,0,0,0,0,0,0,0,0,28,0,0,0,4105,14,9,16,16
98085,366,996,0,31,3,0,0,0,0,0,0,0,0,0,0,0,0,30,0,0,0,4175,34,79,16,1
98224,366,1001,1,26,1,0,0,0,0,0,0,0,0,0,0,0,0,37,0,0,0,4176,28,80,16,0
98364,365,996,1,29,5,1,0,0,0,0,0,0,0,0,0,0,0,25,42,0,0,4213,36,117,16,0
98505,366,993,0,10,2,0,0,0,0,0,0,0,0,0,0,0,0,43,0,0,0,4245,12,149,16,2
98699,366,1003,0,15,0,0,0,0,0,0,0,0,0,0,0,0,0,42,0,0,0,5942,15,54,23,0
98839,366,1003,0,15,2,1,0,0,0,0,0,0,0,0,0,0,0,39,78,0,0,4212,18,116,16,2
98981,366,1023,1,40,4,1,0,0,0,0,0,0,0,0,0,0,0,54,35,0,0,4282,46,186,16,1
99124,366,1002,0,37,2,0,0,0,0,0,0,0,0,0,0,0,0,23,0,0,0,4283,39,187,16,1
99265,365,1000,0,8,1,0,0,0,0,0,0,0,0,0,0,0,0,48,0,0,0,4248,9,152,16,0
99404,366,1002,0,1,0,0,0,0,0,0,0,0,0,0,0,0,0,169,0,0,0,4176,1,80,16,0
99544,365,997,0,1,0,0,0,0,0,0,0,0,0,0,0,0,0,12,0,0,0,4177,1,81,16,1
99685,365,995,0,2,1,0,0,0,0,0,0,0,0,0,0,0,0,61,0,0,0,4232,3,136,16,0
99822,365,1001,0,0,0,0,0,0,0,0,0,0,0,0,0,0,0,0,0,0,0,4140,0,44,16,0
99959,365,992,0,0,0,0,0,0,0,0,0,0,0,0,0,0,0,0,0,0,0,4105,0,9,16,5
100094,365,996,0,0,0,0,0,0,0,0,0,0,0,0,0,0,0,0,0,0,0,4034,0,194,15,4
100233,365,998,0,1,0,0,0,0,0,0,0,0,0,0,0,0,0,14,0,0,0,4145,1,49,16,0
100371,365,991,0,3,0,0,0,0,0,0,0,0,0,0,0,0,0,116,0,0,0,4142,3,46,16,1
100510,366,995,0,5,1,0,0,0,0,0,0,0,0,0,0,0,0,55,0,0,0,4176,6,80,16,1
100664,365,996,0,3,1,0,0,0,0,0,0,0,0,0,0,0,0,94,0,0,0,4663,4,55,18,0
100802,366,995,0,0,0,0,0,0,0,0,0,0,0,0,0,0,0,0,0,0,0,4141,0,45,16,0
100939,366,992,0,5,1,0,0,0,0,0,0,0,0,0,0,0,0,56,0,0,0,4110,6,14,16,0
101078,366,995,0,1,0,0,0,0,0,0,0,0,0,0,0,0,0,197,0,0,0,4145,1,49,16,1
101217,367,993,0,3,0,0,0,0,0,0,0,0,0,0,0,0,0,204,0,0,0,4177,3,81,16,0
101356,366,994,0,6,0,0,0,0,0,0,0,0,0,0,0,0,0,66,0,0,0,4178,6,82,16,1
101494,369,994,0,8,0,0,0,0,0,0,0,0,0,0,0,0,0,54,0,0,0,4144,8,48,16,1
101637,366,993,0,19,1,0,0,0,0,1,0,0,0,0,0,0,0,33,0,0,159,4269,21,173,16,1
101780,366,990,0,32,3,1,0,0,0,0,1,0,0,0,0,0,0,122,42,0,0,4320,37,224,16,1
101923,366,995,0,8,1,0,0,0,0,0,0,0,0,0,0,0,0,89,0,0,0,4320,9,224,16,0
102063,367,993,0,5,0,0,0,0,0,0,0,0,0,0,0,0,0,48,0,0,0,4179,5,83,16,0
102201,367,1023,0,3,0,0,0,0,0,0,0,0,0,0,0,0,0,162,0,0,0,4147,3,51,16,0
102341,367,995,1,32,2,0,0,0,0,0,0,0,0,0,0,0,0,67,0,0,0,4214,35,118,16,0
102482,367,998,1,18,2,1,0,0,0,0,0,0,0,0,0,0,0,33,42,0,0,4253,22,157,16,0
102676,367,998,1,43,6,1,0,0,0,0,0,0,0,0,0,0,0,24,43,0,0,5935,51,47,23,2
102817,367,969,0,32,10,0,0,0,0,0,0,0,0,0,0,0,0,48,0,0,0,4252,42,156,16,0
102960,366,994,1,24,5,1,0,0,0,0,0,0,0,0,0,0,0,32,61,0,0,4286,31,190,16,1
103102,365,1000,0,1,0,0,0,0,0,0,0,0,0,0,0,0,0,115,0,0,0,4288,1,192,16,0
103243,367,996,3,24,1,0,0,0,0,0,0,0,0,0,0,0,0,36,0,0,0,4252,28,156,16,1
103386,367,1001,0,43,3,0,0,0,0,0,0,0,0,0,0,0,0,26,0,0,0,4250,46,154,16,2
103528,367,994,0,27,3,0,0,1,0,0,0,0,0,0,0,0,0,67,0,43,0,4287,31,191,16,0
103674,367,1001,0,14,0,0,0,0,0,0,0,0,0,0,0,0,0,55,0,0,0,4410,14,58,17,4
103816,368,996,1,8,0,0,0,0,0,0,0,0,0,0,0,0,0,66,0,0,0,4251,9,155,16,1
103955,368,994,0,0,0,0,0,0,0,0,0,0,0,0,0,0,0,0,0,0,0,4180,0,84,16,9
104092,369,992,0,1,3,2,0,0,0,0,0,0,0,0,0,0,0,31,38,0,0,4106,6,10,16,22
104232,367,1005,0,11,2,0,0,0,0,0,0,0,0,0,0,0,0,35,0,0,0,4213,13,117,16,2
104375,370,995,1,4,1,0,0,0,0,0,0,0,0,0,0,0,0,59,0,0,0,4286,6,190,16,1
104514,367,999,0,23,3,1,0,0,0,0,0,0,0,0,0,0,0,90,31,0,0,4179,27,83,16,0
104655,362,996,0,26,1,0,0,0,0,0,0,0,0,0,0,0,0,25,0,0,0,4249,27,153,16,0
104813,364,998,1,49,6,2,0,0,0,0,0,0,0,0,0,0,0,86,58,0,0,4775,58,167,18,3
104955,368,993,0,31,3,0,0,0,0,0,0,0,0,0,0,0,0,28,0,0,0,4287,34,191,16,0
105097,367,997,0,24,4,0,0,0,0,0,0,0,0,0,0,0,0,22,0,0,0,4250,28,154,16,0
105238,367,997,0,30,1,1,0,0,0,0,0,0,0,0,0,0,0,26,35,0,0,4250,32,154,16,1
105380,367,995,0,7,0,0,0,0,0,0,0,0,0,0,0,0,0,47,0,0,0,4288,7,192,16,2
105520,368,999,0,5,1,0,0,0,0,0,0,0,0,0,0,0,0,57,0,0,0,4178,6,82,16,0
105658,367,997,0,16,2,1,0,0,0,0,0,0,0,0,0,0,0,29,43,0,0,4144,19,48,16,1
105803,368,997,1,26,1,0,0,0,0,0,0,0,0,0,0,0,0,52,0,0,0,4374,28,22,17,0
105944,368,995,1,18,3,0,0,0,0,0,0,0,0,0,0,0,0,44,0,0,0,4215,22,119,16,0
106085,368,994,0,31,4,0,0,1,0,0,0,0,0,0,0,0,0,21,0,36,0,4249,36,153,16,0
106228,367,992,0,20,3,0,0,0,0,0,0,0,0,0,0,0,0,33,0,0,0,4285,23,189,16,2
106370,367,992,0,5,1,0,0,0,0,0,0,0,0,0,0,0,0,104,0,0,0,4248,6,152,16,0
106510,367,1023,0,11,1,0,0,0,0,0,0,0,0,0,0,0,0,66,0,0,0,4216,12,120,16,1
106652,369,1000,1,19,1,0,0,0,0,0,0,0,0,0,0,0,0,31,0,0,0,4284,21,188,16,0
106846,368,1002,1,47,4,0,1,0,0,0,0,0,0,0,0,0,0,26,0,0,0,5994,53,106,23,2
106988,368,1000,1,2,0,0,0,0,0,0,0,0,0,0,0,0,0,74,0,0,0,4285,3,189,16,2
107128,368,1002,0,0,0,0,0,0,0,0,0,0,0,0,0,0,0,0,0,0,0,4214,0,118,16,0
107268,368,991,0,1,0,0,0,0,0,0,0,0,0,0,0,0,0,171,0,0,0,4178,1,82,16,0
107407,369,995,0,2,0,0,0,0,0,0,0,0,0,0,0,0,0,194,0,0,0,4178,2,82,16,0
107546,368,993,0,4,0,0,0,0,0,0,0,0,0,0,0,0,0,163,0,0,0,4179,4,83,16,0
107685,367,989,0,8,0,0,0,0,0,0,0,0,0,0,0,0,0,107,0,0,0,4179,8,83,16,0
107829,369,990,0,5,1,0,0,0,0,0,0,0,0,0,0,0,0,65,0,0,0,4308,6,212,16,0
107968,369,986,0,1,0,0,1,0,0,0,0,0,0,0,0,0,0,36,0,0,0,4178,2,82,16,0
108106,369,978,0,4,0,0,0,0,0,0,0,0,0,0,0,0,0,152,0,0,0,4143,4,47,16,0
108246,368,989,0,5,1,0,0,0,0,0,0,0,0,0,0,0,0,50,0,0,0,4178,6,82,16,0
108384,369,999,0,15,1,0,0,0,0,0,0,0,0,0,0,0,0,52,0,0,0,4144,16,48,16,0
108524,368,994,1,23,2,0,0,0,0,0,0,0,0,0,0,0,0,24,0,0,0,4213,26,117,16,2
108665,369,999,0,35,4,0,0,0,0,0,0,0,0,0,0,0,0,27,0,0,0,4250,39,154,16,1
108823,369,998,0,30,0,0,0,0,0,0,0,0,0,0,0,0,0,26,0,0,0,4770,30,162,18,1
108964,368,993,0,23,0,4,0,0,0,0,0,0,0,0,0,0,0,99,41,0,0,4251,27,155,16,0
109107,369,999,0,20,1,0,1,0,0,0,0,0,0,0,0,0,0,32,0,0,0,4286,22,190,16,0
109248,371,998,1,43,0,0,0,0,0,0,0,0,0,0,0,0,0,60,0,0,0,4252,44,156,16,1
109389,369,997,0,33,3,0,0,0,0,0,0,0,0,0,0,0,0,25,0,0,0,4249,36,153,16,0
109531,369,989,0,32,3,0,0,0,0,0,0,0,0,0,0,0,0,255,255,4,0,4260,35,164,16,1
109676,369,992,1,33,2,0,0,0,0,0,0,0,0,0,0,0,0,38,0,0,0,4358,36,6,17,0
109818,369,987,0,15,1,0,0,1,0,0,0,0,0,0,0,0,0,32,0,147,0,4303,17,207,16,0
109963,371,993,0,12,1,0,0,0,0,0,0,0,0,0,0,0,0,128,0,0,0,4320,13,224,16,0
110105,369,980,0,17,4,0,0,0,0,0,0,0,0,0,0,0,0,34,0,0,0,4287,21,191,16,1
110246,369,996,0,5,0,0,0,0,0,0,0,0,0,0,0,0,0,29,0,0,0,4249,5,153,16,1
110386,369,998,0,14,1,0,0,0,0,0,0,0,0,0,0,0,0,59,0,0,0,4181,15,85,16,0
110526,369,990,0,23,1,0,1,0,0,0,0,0,0,0,0,0,0,32,0,0,0,4215,25,119,16,0
110667,369,997,0,4,0,0,0,0,0,0,0,0,0,0,0,0,0,65,0,0,0,4252,4,156,16,0
110823,369,996,0,19,6,0,0,0,0,0,0,0,0,0,0,0,0,32,0,0,0,4702,25,94,18,0
110998,369,991,0,9,1,0,0,0,0,0,0,0,0,0,0,0,0,124,0,0,0,5343,10,223,20,0
111139,369,997,0,6,0,0,0,0,0,0,0,0,0,0,0,0,0,72,0,0,0,4255,6,159,16,0
111279,369,995,0,4,0,0,0,0,0,0,0,0,0,0,0,0,0,65,0,0,0,4179,4,83,16,1
111417,369,994,0,3,0,0,0,0,0,0,0,0,0,0,0,0,0,176,0,0,0,4144,3,48,16,0
111556,369,996,0,1,0,0,0,0,0,0,0,0,0,0,0,0,0,15,0,0,0,4180,1,84,16,1
111699,369,994,0,3,0,0,0,0,0,0,0,0,0,0,0,0,0,38,0,0,0,4322,3,226,16,1
111843,369,1023,0,4,0,0,0,0,0,0,0,0,0,0,0,0,0,38,0,0,0,4301,4,205,16,0
111983,369,991,0,3,0,0,0,0,0,0,0,0,0,0,0,0,0,96,0,0,0,4216,3,120,16,0
112122,369,996,0,2,1,0,0,0,0,0,0,0,0,0,0,0,0,78,0,0,0,4174,3,78,16,1
112261,370,988,0,9,1,0,0,0,0,0,0,0,0,0,0,0,0,52,0,0,0,4146,10,50,16,0
112400,369,991,0,7,0,0,0,0,0,0,0,0,0,0,0,0,0,86,0,0,0,4179,7,83,16,0
112538,369,998,1,11,2,0,0,0,0,0,0,0,0,0,0,0,0,153,0,0,0,4146,14,50,16,1
112679,370,991,0,7,0,0,0,0,0,0,0,0,0,0,0,0,0,55,0,0,0,4251,7,155,16,0
112834,361,997,0,2,0,0,0,0,0,0,0,0,0,0,0,0,0,85,0,0,0,4704,2,96,18,0
112973,369,995,0,4,0,0,0,0,0,0,0,0,0,0,0,0,0,51,0,0,0,4146,4,50,16,0
113112,369,986,0,2,0,0,0,0,0,0,0,0,0,0,0,0,0,114,0,0,0,4144,2,48,16,0
113251,369,994,1,2,0,0,0,0,0,0,0,0,0,0,0,0,0,165,0,0,0,4180,3,84,16,0
113390,370,991,1,0,0,0,0,0,0,0,0,0,0,0,0,0,0,0,0,0,0,4183,1,87,16,2
113527,369,993,0,0,1,0,0,0,0,0,0,0,0,0,0,0,0,0,0,0,0,4109,1,13,16,15
113666,369,995,0,2,2,0,0,0,0,0,0,0,0,0,0,0,0,15,0,0,0,4145,4,49,16,0
113804,370,990,0,6,0,0,0,0,0,0,0,0,0,0,0,0,0,74,0,0,0,4146,6,50,16,0
113945,369,994,0,1,0,0,0,0,0,0,0,0,0,0,0,0,0,99,0,0,0,4269,1,173,16,0
114084,370,992,0,2,0,0,0,0,0,0,0,0,0,0,0,0,0,132,0,0,0,4178,2,82,16,0
114224,372,993,0,3,0,0,0,0,0,0,0,0,0,0,0,0,0,241,0,0,0,4182,3,86,16,0
114363,370,998,0,2,0,0,0,0,0,0,0,0,0,0,0,0,0,54,0,0,0,4180,2,84,16,1
114501,369,992,0,1,0,0,0,0,0,0,0,0,0,0,0,0,0,3,0,0,0,4144,1,48,16,0
114638,370,988,0,0,0,0,0,0,0,0,0,0,0,0,0,0,0,0,0,0,0,4109,0,13,16,5
114776,370,989,0,0,0,0,0,0,0,0,0,0,0,0,0,0,0,0,0,0,0,4109,0,13,16,1
114929,370,991,0,10,0,0,0,0,0,0,0,0,0,0,0,0,0,105,0,0,0,4631,10,23,18,0
115106,369,994,0,24,0,0,0,0,0,0,0,0,0,0,0,0,0,35,0,0,0,5423,24,47,21,0
115247,370,992,0,5,2,0,0,0,0,0,0,0,0,0,0,0,0,77,0,0,0,4218,7,122,16,1
115386,369,993,0,3,0,0,0,0,0,0,0,0,0,0,0,0,0,45,0,0,0,4183,3,87,16,0
115524,369,993,0,0,1,0,0,0,0,0,0,0,0,0,0,0,0,0,0,0,0,4147,1,51,16,0
115661,369,995,0,0,0,0,0,0,0,0,0,0,0,0,0,0,0,0,0,0,0,4112,0,16,16,0
115799,369,990,0,1,0,0,0,0,0,0,0,0,0,0,0,0,0,35,0,0,0,4111,1,15,16,0
115941,369,992,0,4,1,0,0,0,0,0,0,0,0,0,0,0,0,43,0,0,0,4269,5,173,16,0
116080,369,996,0,1,0,0,0,0,0,0,0,0,0,0,0,0,0,203,0,0,0,4180,1,84,16,0
116219,369,991,0,5,0,0,0,0,0,0,0,0,0,0,0,0,0,133,0,0,0,4178,5,82,16,1
116359,369,990,0,2,1,0,0,0,0,0,0,0,0,0,0,0,0,127,0,0,0,4179,3,83,16,0
116498,370,991,0,10,0,0,0,0,0,0,0,0,0,0,0,0,0,47,0,0,0,4180,10,84,16,0
116638,370,992,0,9,1,0,0,0,0,0,0,0,0,0,0,0,0,42,0,0,0,4216,10,120,16,1
116779,370,989,0,15,2,0,0,0,0,0,0,0,0,0,0,0,0,55,0,0,0,4216,17,120,16,0
116936,370,992,0,1,0,0,0,0,0,0,0,0,0,0,0,0,0,56,0,0,0,4770,1,162,18,0
117075,371,989,0,8,1,0,0,0,0,0,0,0,0,0,0,0,0,151,0,0,0,4182,9,86,16,2
117215,370,991,0,9,0,0,0,0,0,0,0,0,0,0,0,0,0,58,0,0,0,4182,9,86,16,0
117353,370,990,0,5,0,0,0,0,0,0,0,0,0,0,0,0,0,51,0,0,0,4148,5,52,16,0
117491,365,996,0,11,0,0,0,0,0,0,0,0,0,0,0,0,0,69,0,0,0,4147,11,51,16,1
117632,370,990,0,2,0,0,0,0,0,0,0,0,0,0,0,0,0,41,0,0,0,4218,2,122,16,0
117771,370,992,0,3,0,0,0,0,0,0,0,0,0,0,0,0,0,89,0,0,0,4184,3,88,16,0
117909,370,992,0,8,1,0,0,0,0,0,0,0,0,0,0,0,0,37,0,0,0,4147,9,51,16,1
118051,370,992,0,24,1,0,0,0,0,0,0,0,0,0,0,0,0,41,0,0,0,4269,25,173,16,1
118193,370,991,0,12,3,0,0,0,0,0,0,0,0,0,0,0,0,94,0,0,0,4253,15,157,16,1
118334,370,996,0,8,0,0,0,0,0,0,0,0,0,0,0,0,0,40,0,0,0,4252,8,156,16,0
118474,370,991,0,10,1,0,0,0,0,0,0,0,0,0,0,0,0,58,0,0,0,4184,11,88,16,0
118615,370,995,0,3,0,0,0,0,0,0,0,0,0,0,0,0,0,83,0,0,0,4216,3,120,16,0
118754,368,996,0,1,0,0,0,0,0,0,0,0,0,0,0,0,0,14,0,0,0,4182,1,86,16,1
118892,370,992,0,6,0,0,0,0,0,0,0,0,0,0,0,0,0,42,0,0,0,4146,6,50,16,0
119047,370,1005,0,2,0,0,0,0,0,0,0,0,0,0,0,0,0,49,0,0,0,4671,2,63,18,0
119200,370,993,0,1,0,0,0,0,0,0,0,0,0,0,0,0,0,33,0,0,0,4663,1,55,18,0
119339,370,994,0,4,0,0,0,0,0,0,0,0,0,0,0,0,0,165,0,0,0,4147,4,51,16,0
119478,370,995,0,3,1,0,0,0,0,0,0,0,0,0,0,0,0,152,0,0,0,4184,4,88,16,0
119617,370,998,0,0,0,0,0,0,0,0,0,0,0,0,0,0,0,0,0,0,0,4182,0,86,16,0
119754,372,995,0,8,0,0,0,0,0,0,0,0,0,0,0,0,0,48,0,0,0,4113,8,17,16,0
119892,370,994,0,6,2,0,0,0,0,0,0,0,0,0,0,0,0,33,0,0,0,4146,8,50,16,0
120035,370,993,0,6,0,1,0,0,0,0,0,0,0,0,0,0,0,45,176,0,0,4272,7,176,16,0
120176,371,994,0,8,0,0,0,0,0,0,0,0,0,0,0,0,0,71,0,0,0,4254,8,158,16,0
120315,370,982,0,6,0,0,1,0,0,0,1,0,0,0,0,0,0,36,0,0,0,4181,8,85,16,0
120454,370,990,0,14,2,0,0,0,0,0,0,0,0,0,0,0,0,33,0,0,0,4146,16,50,16,0
120595,370,990,0,8,0,1,0,0,0,0,0,0,0,0,0,0,0,71,94,0,0,4219,9,123,16,0
120735,370,993,0,2,0,0,0,0,0,0,0,0,0,0,0,0,0,52,0,0,0,4217,2,121,16,1
120875,371,979,0,1,0,0,0,0,0,0,0,0,0,0,0,0,0,222,0,0,0,4182,1,86,16,0
121029,370,989,0,11,1,0,0,0,0,0,0,0,0,0,0,0,0,75,0,0,0,4700,12,92,18,0
121169,370,995,0,14,1,0,0,0,0,0,0,0,0,0,0,0,0,147,0,0,0,4216,15,120,16,1
121313,371,993,0,8,0,0,0,0,0,0,0,0,0,0,0,0,0,91,0,0,0,4288,8,192,16,1
121452,370,997,1,3,0,0,0,0,0,0,0,0,0,0,0,0,0,67,0,0,0,4183,4,87,16,0
121590,370,991,0,1,0,0,0,0,0,0,0,0,0,0,0,0,0,192,0,0,0,4147,1,51,16,0
121730,368,990,0,1,1,0,1,0,0,0,0,0,0,0,0,0,0,14,0,0,0,4182,3,86,16,1
121868,371,994,0,2,0,0,0,0,0,0,0,0,0,0,0,0,0,105,0,0,0,4147,2,51,16,0
122011,365,989,0,3,0,0,0,0,0,0,0,0,0,0,0,0,0,201,0,0,0,4303,3,207,16,0
122151,371,996,0,3,0,0,0,0,0,0,0,0,0,0,0,0,0,96,0,0,0,4213,3,117,16,1
122291,371,992,0,5,0,0,0,0,0,0,0,0,0,0,0,0,0,31,0,0,0,4178,5,82,16,1
122429,370,996,0,17,2,0,0,0,0,0,0,0,0,0,0,0,0,38,0,0,0,4143,19,47,16,0
122569,370,995,0,16,3,0,0,0,0,0,0,0,0,0,0,0,0,42,0,0,0,4214,19,118,16,1
122711,370,996,0,23,0,0,0,0,0,0,1,0,0,0,0,0,0,78,0,0,0,4248,24,152,16,0
122852,370,992,0,18,0,0,0,0,0,0,0,0,0,0,0,0,0,31,0,0,0,4247,18,151,16,1
122993,361,989,0,17,3,0,0,0,0,0,0,0,0,0,0,0,0,34,0,0,0,4248,20,152,16,0
123150,370,988,0,12,1,0,0,0,0,0,0,0,0,0,0,0,0,36,0,0,0,4767,13,159,18,0
123348,371,995,0,13,4,0,0,0,0,0,0,0,0,0,0,0,0,58,0,0,0,6127,17,239,23,0
123491,370,989,0,12,2,0,0,0,0,0,0,0,0,0,0,0,0,39,0,0,0,4252,14,156,16,1
123632,370,987,0,6,1,0,0,0,0,0,0,0,0,0,0,0,0,57,0,0,0,4248,7,152,16,1
123771,370,992,0,2,1,0,0,0,0,0,0,0,0,0,0,0,0,45,0,0,0,4180,3,84,16,0
123910,370,990,0,4,0,0,0,0,0,0,0,0,0,0,0,0,0,154,0,0,0,4141,4,45,16,0
124049,370,989,1,1,0,0,0,0,0,0,0,0,0,0,0,0,0,176,0,0,0,4179,2,83,16,1
124191,370,995,0,5,0,0,0,0,0,0,0,0,0,0,0,0,0,63,0,0,0,4303,5,207,16,0
124331,370,988,0,0,0,0,0,0,0,0,0,0,0,0,0,0,0,0,0,0,0,4179,0,83,16,0
124468,370,996,0,0,0,0,0,0,0,0,0,0,0,0,0,0,0,0,0,0,0,4110,0,14,16,0
124605,370,995,0,1,0,0,0,0,0,0,0,0,0,0,0,0,0,14,0,0,0,4109,1,13,16,0
124743,368,996,0,1,0,0,0,0,0,0,0,0,0,0,0,0,0,14,0,0,0,4145,1,49,16,0
124881,370,994,0,12,0,1,0,0,0,0,0,0,0,0,0,0,0,48,70,0,0,4142,13,46,16,0
125023,371,994,0,8,3,0,0,0,0,0,0,0,0,0,0,0,0,55,0,0,0,4251,11,155,16,0
125179,372,987,0,5,1,0,0,0,0,0,0,0,0,0,0,0,0,36,0,0,0,4733,6,125,18,1
125319,371,995,0,11,1,0,0,0,0,0,0,0,0,0,0,0,0,46,0,0,0,4182,12,86,16,1
125459,371,991,1,13,1,0,0,0,0,0,0,0,0,0,0,0,0,34,0,0,0,4216,15,120,16,0
125600,371,993,0,10,2,0,0,0,0,0,0,0,0,0,0,0,0,47,0,0,0,4254,12,158,16,0
125742,371,993,0,15,1,0,0,0,0,0,0,0,0,0,0,0,0,51,0,0,0,4253,16,157,16,2
125883,370,992,0,10,1,1,0,0,0,0,0,0,0,0,0,0,0,37,68,0,0,4252,12,156,16,1
126026,371,988,0,19,3,0,0,0,0,0,0,0,0,0,0,0,0,36,0,0,0,4287,22,191,16,0
126172,372,988,0,24,4,2,0,0,0,0,0,0,0,0,0,0,0,36,58,0,0,4378,30,26,17,0
126313,372,991,0,15,0,0,0,0,0,0,0,0,0,0,0,0,0,46,0,0,0,4253,15,157,16,0
126454,372,993,0,9,2,0,0,0,0,0,0,0,0,0,0,0,0,62,0,0,0,4254,11,158,16,0
126595,369,995,0,3,0,0,0,0,0,0,0,0,0,0,0,0,0,44,0,0,0,4217,3,121,16,0
126734,371,994,0,11,2,1,0,0,0,0,0,0,0,0,0,0,0,53,92,0,0,4182,14,86,16,0
126876,371,998,0,4,0,0,0,0,0,0,0,0,0,0,0,0,0,74,0,0,0,4253,4,157,16,0
127014,371,998,0,1,0,0,0,0,0,0,0,0,0,0,0,0,0,46,0,0,0,4177,1,81,16,0
127169,371,993,0,0,0,0,0,0,0,0,0,0,0,0,0,0,0,0,0,0,0,4663,0,55,18,0
127306,371,995,0,2,0,0,0,0,0,0,0,0,0,0,0,0,0,55,0,0,0,4111,2,15,16,0
127444,371,993,0,8,0,0,0,0,0,0,0,0,0,0,0,0,0,42,0,0,0,4146,8,50,16,0
127593,371,991,0,25,1,0,0,0,0,0,0,0,0,0,0,0,0,128,0,0,0,4473,26,121,17,0
127770,371,995,0,8,0,0,0,0,0,0,0,0,0,0,0,0,0,104,0,0,0,5444,8,68,21,0
127909,371,991,0,0,0,0,0,0,0,0,0,0,0,0,0,0,0,0,0,0,0,4183,0,87,16,0
128047,371,1023,0,0,0,0,0,0,0,0,0,0,0,0,0,0,0,0,0,0,0,4112,0,16,16,0
128189,371,997,0,6,1,1,0,0,0,0,0,0,0,0,0,0,0,113,176,0,0,4270,8,174,16,0
128331,371,991,0,2,1,0,0,0,0,0,0,0,0,0,0,0,0,37,0,0,0,4287,3,191,16,1
128471,371,997,0,1,0,0,0,0,0,0,0,0,0,0,0,0,0,243,0,0,0,4181,1,85,16,1
128611,371,992,0,1,0,0,0,0,0,0,0,0,0,0,0,0,0,138,0,0,0,4182,1,86,16,0
128750,371,992,0,5,0,0,0,0,0,0,0,0,0,0,0,0,0,91,0,0,0,4184,5,88,16,1
128888,371,994,0,0,0,0,0,0,0,0,0,0,0,0,0,0,0,0,0,0,0,4147,0,51,16,0
129026,372,993,0,0,0,0,0,0,0,0,0,0,0,0,0,0,0,0,0,0,0,4113,0,17,16,0
129163,372,997,0,6,0,0,0,0,0,0,0,0,0,0,0,0,0,88,0,0,0,4111,6,15,16,0
129316,371,988,0,7,0,0,0,0,0,0,0,0,0,0,0,0,0,45,0,0,0,4667,7,59,18,0
129455,372,992,0,0,0,0,0,0,0,0,0,0,0,0,0,0,0,0,0,0,0,4148,0,52,16,0
129592,372,995,0,1,0,0,0,0,0,0,0,0,0,0,0,0,0,147,0,0,0,4111,1,15,16,0
129732,372,994,0,4,0,0,0,0,0,0,0,0,0,0,0,0,0,176,0,0,0,4184,4,88,16,0
129871,372,998,0,2,0,0,0,0,0,0,0,0,0,0,0,0,0,99,0,0,0,4184,2,88,16,0
130010,372,996,0,3,0,0,0,0,0,0,0,0,0,0,0,0,0,94,0,0,0,4147,3,51,16,0
130148,372,993,0,3,1,0,0,0,0,0,0,0,0,0,0,0,0,244,0,0,0,4149,4,53,16,0
130291,373,994,0,13,1,0,0,0,0,0,0,0,0,0,0,0,0,42,0,0,0,4305,14,209,16,1
130433,376,994,0,14,4,0,0,0,0,0,0,0,0,0,0,0,0,41,0,0,0,4253,18,157,16,1
130574,375,997,0,21,3,1,0,0,0,0,0,0,0,0,0,0,0,181,71,0,0,4252,25,156,16,1
130717,374,1001,0,33,2,0,0,0,0,0,0,0,0,0,0,0,0,25,0,0,0,4327,35,231,16,0
130861,375,996,0,47,5,0,0,0,0,1,0,0,0,0,0,0,1,84,0,0,61,4289,54,193,16,1
131003,375,997,0,58,6,1,1,1,1,0,1,0,1,0,0,0,0,42,28,57,0,4290,72,194,16,1
131146,375,998,1,62,4,3,1,0,1,0,1,0,0,0,0,1,0,76,25,0,0,4324,78,228,16,2
131305,374,1002,0,55,5,2,0,1,0,0,0,0,0,0,0,0,0,78,36,35,0,4814,63,206,18,0
131450,375,994,0,17,2,1,0,1,0,1,0,0,0,0,0,0,0,45,139,147,59,4362,22,10,17,0
131596,376,999,0,5,0,0,0,0,0,0,0,0,0,0,0,0,0,72,0,0,0,4400,5,48,17,0
131734,377,997,1,6,1,0,0,0,0,0,0,0,0,0,0,0,0,52,0,0,0,4147,8,51,16,1
131908,377,1002,0,17,0,1,0,0,0,0,0,0,0,0,0,0,0,44,36,0,0,5316,18,196,20,1
132052,377,1002,1,12,1,0,1,1,0,0,0,0,0,0,0,0,0,41,0,152,0,4326,16,230,16,0
132197,378,1007,0,8,1,0,0,0,0,0,0,0,0,0,0,0,0,65,0,0,0,4361,9,9,17,1
132339,379,1003,0,3,1,1,0,1,0,0,0,0,0,0,0,0,0,63,140,94,0,4272,6,176,16,0
132483,378,1003,0,13,2,0,0,0,0,0,0,0,0,0,0,0,0,47,0,0,0,4327,15,231,16,0
132625,379,1006,0,10,0,0,0,0,0,0,0,0,0,0,0,0,0,87,0,0,0,4289,10,193,16,0
132768,379,953,0,14,1,1,0,0,0,0,0,0,0,0,0,0,0,73,127,0,0,4289,16,193,16,1
132912,379,1023,0,9,0,0,0,0,0,0,0,0,0,0,0,0,0,65,0,0,0,4326,9,230,16,1
133052,380,1009,0,7,1,0,0,0,0,0,0,0,0,0,0,0,0,147,0,0,0,4219,8,123,16,0
133194,381,1013,0,3,0,0,0,0,0,0,0,0,0,0,0,0,0,46,0,0,0,4253,3,157,16,0
133350,379,1007,1,2,0,0,0,0,0,0,0,0,0,0,0,0,0,72,0,0,0,4740,3,132,18,0
133491,379,1023,0,8,1,0,0,0,0,0,0,0,0,0,0,0,0,104,0,0,0,4221,9,125,16,0
133633,379,1015,0,9,0,0,0,0,0,0,0,0,0,0,0,0,0,73,0,0,0,4256,9,160,16,0
133773,380,1014,0,17,0,0,0,0,0,0,0,0,0,0,0,0,0,66,0,0,0,4235,17,139,16,0
133915,381,1017,0,2,0,0,0,0,0,0,0,0,0,0,0,0,0,145,0,0,0,4290,2,194,16,0
134057,380,1015,0,4,0,0,0,0,0,0,0,0,0,0,0,0,0,137,0,0,0,4258,4,162,16,0
134199,381,1014,0,3,0,0,0,0,0,0,0,0,0,0,0,0,0,95,0,0,0,4255,3,159,16,0
134343,382,1011,0,8,0,0,0,0,0,0,0,0,0,0,0,0,0,90,0,0,0,4345,8,249,16,0
134483,381,1014,0,8,0,0,0,0,0,0,0,0,0,0,0,0,0,58,0,0,0,4221,8,125,16,1
134624,381,1016,0,1,1,0,0,0,0,0,0,0,0,0,0,0,0,56,0,0,0,4221,2,125,16,0
134765,381,1020,0,2,0,0,0,0,0,0,0,0,0,0,0,0,0,140,0,0,0,4219,2,123,16,0
134906,390,1018,0,11,2,0,0,0,0,0,0,0,0,0,0,0,0,70,0,0,0,4257,13,161,16,0
135049,382,998,0,9,0,0,0,0,0,0,0,0,0,0,0,0,0,46,0,0,0,4294,9,198,16,1
135189,382,1023,0,7,1,0,0,0,0,0,0,0,0,0,0,0,0,90,0,0,0,4183,8,87,16,0
135344,382,1022,0,12,0,0,0,0,0,0,0,0,0,0,0,0,0,87,0,0,0,4709,12,101,18,0
135487,382,1021,0,6,0,0,0,0,0,0,0,0,0,0,0,0,0,162,0,0,0,4290,6,194,16,0
135628,381,1016,0,5,0,0,0,0,0,0,0,0,0,0,0,0,0,90,0,0,0,4254,5,158,16,0
135769,381,1023,0,2,1,0,0,0,0,0,0,0,0,0,0,0,0,40,0,0,0,4224,3,128,16,1
135909,381,1022,0,3,1,0,0,0,0,0,0,0,0,0,0,0,0,71,0,0,0,4220,4,124,16,0
136084,380,1023,0,2,0,0,0,0,0,0,0,0,0,0,0,0,0,36,0,0,0,5336,2,216,20,0
136224,381,1022,0,1,0,0,0,0,0,0,0,0,0,0,0,0,0,248,0,0,0,4221,1,125,16,0
136370,380,1018,0,4,2,0,0,0,0,0,0,0,0,0,0,0,0,69,0,0,0,4379,6,27,17,0
136509,380,1007,0,6,0,0,0,0,0,0,0,0,0,0,0,0,0,59,0,0,0,4183,6,87,16,2
136648,381,1018,0,4,0,0,0,0,0,0,0,0,0,0,0,0,0,97,0,0,0,4185,4,89,16,0
136788,381,1022,0,6,1,0,0,0,0,0,0,0,0,0,0,0,0,82,0,0,0,4183,7,87,16,0
136928,381,1020,0,6,1,0,0,0,0,0,0,0,0,0,0,0,0,169,0,0,0,4183,7,87,16,0
137068,381,1023,0,3,1,0,0,0,0,0,0,0,0,0,0,0,0,31,0,0,0,4221,4,125,16,1
137208,380,1023,0,6,0,0,0,0,0,0,0,0,0,0,0,0,0,106,0,0,0,4222,6,126,16,0
137366,380,1014,0,6,0,1,0,0,0,0,0,0,0,0,0,0,0,66,213,0,0,4777,7,169,18,0
137508,380,1022,0,3,0,0,0,0,0,0,0,0,0,0,0,0,0,112,0,0,0,4292,3,196,16,0
137651,379,1016,0,8,0,0,0,0,0,0,0,0,0,0,0,0,0,97,0,0,0,4255,8,159,16,2
137791,379,1023,0,2,0,0,0,0,0,0,0,0,0,0,0,0,0,92,0,0,0,4220,2,124,16,0
137931,380,997,0,2,0,0,0,0,0,0,0,0,0,0,0,0,0,13,0,0,0,4220,2,124,16,0
138071,380,1023,0,7,0,0,0,0,0,0,0,0,0,0,0,0,0,76,0,0,0,4186,7,90,16,1
138211,379,1020,0,4,0,1,0,0,0,0,0,0,0,0,0,0,0,135,180,0,0,4184,5,88,16,0
138357,380,1019,0,9,0,0,0,0,0,0,0,0,0,0,0,0,0,84,0,0,0,4416,9,64,17,0
138497,381,1023,0,7,0,0,0,0,0,0,0,0,0,0,0,0,0,62,0,0,0,4188,7,92,16,0
138636,381,1019,0,4,0,0,0,0,0,0,0,0,0,0,0,0,0,92,0,0,0,4183,4,87,16,1
138775,381,1022,0,7,0,0,0,0,0,0,0,0,0,0,0,0,0,65,0,0,0,4185,7,89,16,0
138914,381,1023,0,10,2,0,0,0,0,0,0,0,0,0,0,0,0,79,0,0,0,4186,12,90,16,1
139057,380,1015,0,8,0,1,0,0,0,0,0,0,0,0,0,0,0,53,98,0,0,4256,9,160,16,0
139198,380,1022,0,1,0,0,0,0,0,0,0,0,0,0,0,0,0,12,0,0,0,4252,1,156,16,0
139355,380,1018,0,0,0,0,0,0,0,0,0,0,0,0,0,0,0,0,0,0,0,4744,0,136,18,0
139494,380,1020,2,1,0,0,0,0,0,0,0,0,0,0,0,0,0,185,0,0,0,4188,3,92,16,1
139634,389,1020,1,0,0,0,0,0,0,0,0,0,0,0,0,0,0,0,0,0,0,4223,1,127,16,1
139773,375,1016,5,4,2,0,0,0,0,0,0,0,0,0,0,0,0,151,0,0,0,4187,11,91,16,0
139916,380,1021,3,1,1,0,0,0,0,0,0,0,0,0,0,0,0,96,0,0,0,4254,5,158,16,2
140056,380,1015,1,1,0,0,0,0,0,0,0,0,0,0,0,0,0,64,0,0,0,4222,2,126,16,0
140232,382,1016,0,1,0,0,0,0,0,0,0,0,0,0,0,0,0,87,0,0,0,5387,1,11,21,0
140376,382,1021,2,2,1,0,0,0,0,0,0,0,0,0,0,0,0,187,0,0,0,4309,5,213,16,0
140517,381,1017,1,1,1,0,0,0,0,0,0,0,0,0,0,0,0,87,0,0,0,4256,3,160,16,0
140657,380,1016,4,1,1,0,0,0,0,0,0,0,0,0,0,0,0,161,0,0,0,4221,6,125,16,0
140800,380,1014,2,1,0,0,0,0,0,0,0,0,0,0,0,0,0,12,0,0,0,4256,3,160,16,2
140940,381,1011,1,1,1,0,0,0,0,0,0,0,0,0,0,0,0,120,0,0,0,4220,3,124,16,1
141081,382,1015,4,1,0,0,0,0,0,0,0,0,0,0,0,0,0,131,0,0,0,4257,5,161,16,1
141223,381,1014,1,1,1,0,0,0,0,0,0,0,0,0,0,0,0,108,0,0,0,4259,3,163,16,8
141380,380,1017,0,0,0,0,0,0,0,0,0,0,0,0,0,0,0,0,0,0,0,4777,0,169,18,11
141521,380,1016,0,0,0,0,0,0,0,0,0,0,0,0,0,0,0,0,0,0,0,4222,0,126,16,7
141661,379,1016,0,0,0,0,0,0,0,0,0,0,0,0,0,0,0,0,0,0,0,4186,0,90,16,2
141799,380,1014,0,4,0,0,0,0,0,0,0,0,0,0,0,0,0,57,0,0,0,4153,4,57,16,0
141938,380,1017,0,2,0,0,0,0,0,0,0,0,0,0,0,0,0,46,0,0,0,4184,2,88,16,0
142078,380,1015,1,3,1,0,0,0,0,0,0,0,0,0,0,0,0,50,0,0,0,4187,5,91,16,0
142218,381,1015,0,2,1,0,0,0,0,0,0,0,0,0,0,0,0,87,0,0,0,4185,3,89,16,0
142357,380,1019,5,3,0,0,0,0,0,0,0,0,0,0,0,0,0,100,0,0,0,4185,8,89,16,0
142501,380,1006,2,3,0,0,0,0,0,0,0,0,0,0,0,0,0,109,0,0,0,4347,5,251,16,1
142643,380,1012,3,3,0,0,0,0,0,0,0,0,0,0,0,0,0,157,0,0,0,4258,6,162,16,0
142785,380,1016,0,0,0,0,0,0,0,0,0,0,0,0,0,0,0,0,0,0,0,4257,0,161,16,2
142924,388,1004,7,1,0,0,0,0,0,1,0,0,0,0,0,0,0,99,0,0,41,4184,9,88,16,2
143065,380,1005,3,1,0,0,0,0,0,0,0,0,0,0,0,0,0,12,0,0,0,4221,4,125,16,3
143205,380,1008,4,2,0,0,0,0,0,0,0,0,0,0,0,0,0,16,0,0,0,4219,6,123,16,0
143346,380,1005,3,2,0,0,0,0,0,0,0,0,0,0,0,0,0,190,0,0,0,4220,5,124,16,1
143503,381,1006,4,2,0,0,0,0,0,0,0,0,0,0,0,0,0,127,0,0,0,4779,6,171,18,2
143654,381,1003,2,1,0,0,0,0,0,0,0,0,0,0,0,0,0,78,0,0,0,4581,3,229,17,1
143795,381,1006,0,5,0,0,0,0,0,0,0,0,0,0,0,0,0,124,0,0,0,4217,5,121,16,3
143937,380,1007,1,1,0,0,0,0,0,0,0,0,0,0,0,0,0,61,0,0,0,4256,2,160,16,0
144077,381,1008,1,6,0,0,0,0,0,0,0,0,0,0,0,0,0,71,0,0,0,4222,7,126,16,0
144218,381,1008,5,5,0,0,0,0,0,0,0,0,0,0,0,0,0,85,0,0,0,4221,10,125,16,0
144394,380,1009,7,1,1,0,0,0,0,0,0,1,0,0,0,0,0,234,0,0,0,5384,10,8,21,2
144538,380,1012,7,1,0,0,0,0,0,0,0,0,0,0,0,0,0,82,0,0,0,4346,8,250,16,4
144678,380,1010,7,5,1,0,0,0,0,0,0,0,0,0,0,0,0,54,0,0,0,4221,13,125,16,4
144821,379,1005,3,3,1,1,0,0,0,0,0,0,0,0,0,0,0,84,105,0,0,4258,8,162,16,0
144963,379,1006,3,1,1,0,0,0,0,0,0,0,0,0,0,0,0,113,0,0,0,4293,5,197,16,3
145105,379,1000,0,0,0,0,0,0,0,0,0,0,0,0,0,0,0,0,0,0,0,4258,0,162,16,0
145245,378,1002,3,2,0,0,0,0,0,0,0,0,0,0,0,0,0,204,0,0,0,4185,5,89,16,0
